id,nombre,imagen_url,explicacion_teorica,explicacion_tecnica
1001,Botas,https://ddragon.leagueoflegends.com/cdn/16.9.1/img/item/1001.png,Aumenta ligeramente la Velocidad de Movimiento.,FlatMovementSpeedMod=25
1004,Amuleto de las Hadas,https://ddragon.leagueoflegends.com/cdn/16.9.1/img/item/1004.png,Aumenta ligeramente la Regen. de Maná.,
1006,Perla de Rejuvenecimiento,https://ddragon.leagueoflegends.com/cdn/16.9.1/img/item/1006.png,Aumenta ligeramente la Regen. de Vida.,
1011,Cinturón de Gigante,https://ddragon.leagueoflegends.com/cdn/16.9.1/img/item/1011.png,Aumenta en gran medida la Vida.,FlatHPPoolMod=350
1018,Capa de Agilidad,https://ddragon.leagueoflegends.com/cdn/16.9.1/img/item/1018.png,Aumenta la probabilidad de golpe crítico.,FlatCritChanceMod=0.15
1026,Varita Explosiva,https://ddragon.leagueoflegends.com/cdn/16.9.1/img/item/1026.png,Aumenta moderadamente el Poder de Habilidad.,FlatMagicDamageMod=45
1027,Cristal de Zafiro,https://ddragon.leagueoflegends.com/cdn/16.9.1/img/item/1027.png,Aumenta el Maná.,FlatMPPoolMod=300
1028,Cristal de Rubí,https://ddragon.leagueoflegends.com/cdn/16.9.1/img/item/1028.png,Aumenta la Vida.,FlatHPPoolMod=150
1029,Armadura de Tela,https://ddragon.leagueoflegends.com/cdn/16.9.1/img/item/1029.png,Aumenta ligeramente la Armadura.,FlatArmorMod=15
1031,Cota de Malla,https://ddragon.leagueoflegends.com/cdn/16.9.1/img/item/1031.png,Aumenta en gran medida la Armadura.,FlatArmorMod=40
1033,Manto Anulamagia,https://ddragon.leagueoflegends.com/cdn/16.9.1/img/item/1033.png,Aumenta ligeramente la Resistencia Mágica.,FlatSpellBlockMod=20
1035,Cuchillo Ámbar,https://ddragon.leagueoflegends.com/cdn/16.9.1/img/item/1035.png,,
1036,Espada Larga,https://ddragon.leagueoflegends.com/cdn/16.9.1/img/item/1036.png,Aumenta ligeramente el daño de ataque.,FlatPhysicalDamageMod=10
1037,Picacha,https://ddragon.leagueoflegends.com/cdn/16.9.1/img/item/1037.png,Aumenta moderadamente el Daño de Ataque.,FlatPhysicalDamageMod=25
1038,Espadón,https://ddragon.leagueoflegends.com/cdn/16.9.1/img/item/1038.png,Aumenta en gran medida el daño de ataque.,FlatPhysicalDamageMod=40
1039,Hoja Granizo,https://ddragon.leagueoflegends.com/cdn/16.9.1/img/item/1039.png,Proporciona daño contra monstruos y regeneración de maná en la jungla.,
1040,Filo de Obsidiana,https://ddragon.leagueoflegends.com/cdn/16.9.1/img/item/1040.png,,
1042,Daga,https://ddragon.leagueoflegends.com/cdn/16.9.1/img/item/1042.png,Aumenta la velocidad de ataque ligeramente.,PercentAttackSpeedMod=0.1
1043,Arco Recurvado,https://ddragon.leagueoflegends.com/cdn/16.9.1/img/item/1043.png,Aumenta la velocidad de ataque en gran medida.,PercentAttackSpeedMod=0.15
1052,Libro Amplificador,https://ddragon.leagueoflegends.com/cdn/16.9.1/img/item/1052.png,Aumenta levemente el poder de habilidad.,FlatMagicDamageMod=20
1053,Cetro Vampírico,https://ddragon.leagueoflegends.com/cdn/16.9.1/img/item/1053.png,Los ataques básicos restauran vida.,FlatPhysicalDamageMod=15; PercentLifeStealMod=0.07
1054,Escudo de Doran,https://ddragon.leagueoflegends.com/cdn/16.9.1/img/item/1054.png,Buen objeto inicial de defensa.,FlatHPPoolMod=110; FlatHPRegenMod=0.8
1055,Espada de Doran,https://ddragon.leagueoflegends.com/cdn/16.9.1/img/item/1055.png,Buen objeto inicial para atacantes.,FlatHPPoolMod=80; FlatPhysicalDamageMod=10
1056,Sortija de Doran,https://ddragon.leagueoflegends.com/cdn/16.9.1/img/item/1056.png,Buen objeto inicial para hechiceros.,FlatHPPoolMod=90; FlatMagicDamageMod=18
1057,Capa de Negatrones,https://ddragon.leagueoflegends.com/cdn/16.9.1/img/item/1057.png,Aumenta moderadamente la resistencia mágica.,FlatSpellBlockMod=45
1058,Vara Innecesariamente Grande,https://ddragon.leagueoflegends.com/cdn/16.9.1/img/item/1058.png,Aumenta en gran medida el poder de habilidad.,FlatMagicDamageMod=65
1082,El Sello de la Oscuridad,https://ddragon.leagueoflegends.com/cdn/16.9.1/img/item/1082.png,Proporciona poder de habilidad y maná. Aumenta su poder a medida que asesinas enemigos.,FlatHPPoolMod=50; FlatMagicDamageMod=15
1083,Sacrificar,https://ddragon.leagueoflegends.com/cdn/16.9.1/img/item/1083.png,Inflige daño y robo de vida al impactar. Asesinar súbditos otorga oro adicional.,FlatPhysicalDamageMod=7
1086,Arco de Doran,https://ddragon.leagueoflegends.com/cdn/16.9.1/img/item/1086.png,,FlatPhysicalDamageMod=6; PercentAttackSpeedMod=0.15
1090,Misión: Carril superior,https://ddragon.leagueoflegends.com/cdn/16.9.1/img/item/1090.png,,
1091,Misión: Carril central,https://ddragon.leagueoflegends.com/cdn/16.9.1/img/item/1091.png,,
1092,Misión: Carril inferior,https://ddragon.leagueoflegends.com/cdn/16.9.1/img/item/1092.png,,
1093,Misión: Soporte,https://ddragon.leagueoflegends.com/cdn/16.9.1/img/item/1093.png,,
1094,Misión: Jungla,https://ddragon.leagueoflegends.com/cdn/16.9.1/img/item/1094.png,,
1101,Cachorro de Rasgafuegos,https://ddragon.leagueoflegends.com/cdn/16.9.1/img/item/1101.png,,
1102,Cría de Trotabrisas,https://ddragon.leagueoflegends.com/cdn/16.9.1/img/item/1102.png,,
1103,Retoño de Pisamusgo,https://ddragon.leagueoflegends.com/cdn/16.9.1/img/item/1103.png,,
1104,Ojo del Heraldo,https://ddragon.leagueoflegends.com/cdn/16.9.1/img/item/1104.png,,
1105,Retoño de Pisamusgo,https://ddragon.leagueoflegends.com/cdn/16.9.1/img/item/1105.png,,
1106,Cría de Trotabrisas,https://ddragon.leagueoflegends.com/cdn/16.9.1/img/item/1106.png,,
1107,Cachorro de Rasgafuegos,https://ddragon.leagueoflegends.com/cdn/16.9.1/img/item/1107.png,,
1111,Jarvan Primero,https://ddragon.leagueoflegends.com/cdn/16.9.1/img/item/1111.png,,FlatSpellBlockMod=20; FlatMovementSpeedMod=100; FlatArmorMod=25; PercentAttackSpeedMod=0.25
1120,Casco de Doran,https://ddragon.leagueoflegends.com/cdn/16.9.1/img/item/1120.png,,FlatSpellBlockMod=10; FlatHPPoolMod=110; FlatArmorMod=10
1200,Misión del carril superior,https://ddragon.leagueoflegends.com/cdn/16.9.1/img/item/1200.png,,
1201,Misión del carril central,https://ddragon.leagueoflegends.com/cdn/16.9.1/img/item/1201.png,,
1202,Misión del carril inferior,https://ddragon.leagueoflegends.com/cdn/16.9.1/img/item/1202.png,,
1203,Misión de soporte,https://ddragon.leagueoflegends.com/cdn/16.9.1/img/item/1203.png,,
1204,Misión de la jungla,https://ddragon.leagueoflegends.com/cdn/16.9.1/img/item/1204.png,,
1205,Recompensa de la misión de la jungla,https://ddragon.leagueoflegends.com/cdn/16.9.1/img/item/1205.png,,
1206,Recompensa de misión del carril central,https://ddragon.leagueoflegends.com/cdn/16.9.1/img/item/1206.png,,
1207,Recompensa de misión del carril inferior,https://ddragon.leagueoflegends.com/cdn/16.9.1/img/item/1207.png,,
1208,Recompensa de la misión de soporte,https://ddragon.leagueoflegends.com/cdn/16.9.1/img/item/1208.png,,
1209,Recompensa de la misión de la jungla,https://ddragon.leagueoflegends.com/cdn/16.9.1/img/item/1209.png,,
1210,Recompensa de la misión de la jungla,https://ddragon.leagueoflegends.com/cdn/16.9.1/img/item/1210.png,,
1211,Recompensa de la misión de la jungla,https://ddragon.leagueoflegends.com/cdn/16.9.1/img/item/1211.png,,
1220,Teleportación Desatada (recompensa de la misión del carril superior),https://ddragon.leagueoflegends.com/cdn/16.9.1/img/item/1220.png,,
1221,Recompensa de misión del carril superior,https://ddragon.leagueoflegends.com/cdn/16.9.1/img/item/1221.png,,
1222,Misión del carril superior,https://ddragon.leagueoflegends.com/cdn/16.9.1/img/item/1222.png,,
1500,Balas Penetrantes,https://ddragon.leagueoflegends.com/cdn/16.9.1/img/item/1500.png,,
1501,Fortificación,https://ddragon.leagueoflegends.com/cdn/16.9.1/img/item/1501.png,,
1502,Armadura Reforzada,https://ddragon.leagueoflegends.com/cdn/16.9.1/img/item/1502.png,,
1503,Ojo del Guardián,https://ddragon.leagueoflegends.com/cdn/16.9.1/img/item/1503.png,,
1504,Vanguardia,https://ddragon.leagueoflegends.com/cdn/16.9.1/img/item/1504.png,,
1505,Armadura Reforzada,https://ddragon.leagueoflegends.com/cdn/16.9.1/img/item/1505.png,,
1506,Armadura Reforzada,https://ddragon.leagueoflegends.com/cdn/16.9.1/img/item/1506.png,,
1507,Sobrecargado,https://ddragon.leagueoflegends.com/cdn/16.9.1/img/item/1507.png,,
1508,Calcetas antitorretas,https://ddragon.leagueoflegends.com/cdn/16.9.1/img/item/1508.png,,
1509,Entusiasmo,https://ddragon.leagueoflegends.com/cdn/16.9.1/img/item/1509.png,,
1510,Entusiasmo Temerario,https://ddragon.leagueoflegends.com/cdn/16.9.1/img/item/1510.png,,
1511,Armadura Supermecanizada,https://ddragon.leagueoflegends.com/cdn/16.9.1/img/item/1511.png,,
1512,Campo de Fuerza Supermecánico,https://ddragon.leagueoflegends.com/cdn/16.9.1/img/item/1512.png,,
1515,Revestimiento de Torretas,https://ddragon.leagueoflegends.com/cdn/16.9.1/img/item/1515.png,,
1516,Recompensa por estructuras,https://ddragon.leagueoflegends.com/cdn/16.9.1/img/item/1516.png,,
1517,Recompensa por estructuras,https://ddragon.leagueoflegends.com/cdn/16.9.1/img/item/1517.png,,
1518,Recompensa por estructuras,https://ddragon.leagueoflegends.com/cdn/16.9.1/img/item/1518.png,,
1519,Recompensa por estructuras,https://ddragon.leagueoflegends.com/cdn/16.9.1/img/item/1519.png,,
1520,SobrecargadoAL,https://ddragon.leagueoflegends.com/cdn/16.9.1/img/item/1520.png,,
1521,Fortificación,https://ddragon.leagueoflegends.com/cdn/16.9.1/img/item/1521.png,,
1522,Aumento de poder de la torre,https://ddragon.leagueoflegends.com/cdn/16.9.1/img/item/1522.png,,
1523,Sobrecargado,https://ddragon.leagueoflegends.com/cdn/16.9.1/img/item/1523.png,,
1524,Cristavid,https://ddragon.leagueoflegends.com/cdn/16.9.1/img/item/1524.png,,
2001,Retirada,https://ddragon.leagueoflegends.com/cdn/16.9.1/img/item/2001.png,,
2002,Retirada mejorada,https://ddragon.leagueoflegends.com/cdn/16.9.1/img/item/2002.png,,
2003,Poción de Vida,https://ddragon.leagueoflegends.com/cdn/16.9.1/img/item/2003.png,"Al usarse, restaura vida a lo largo del tiempo.",
2007,Retirada desactivada,https://ddragon.leagueoflegends.com/cdn/16.9.1/img/item/2007.png,,
2008,,https://ddragon.leagueoflegends.com/cdn/16.9.1/img/item/2008.png,,
2010,Galleta Definitiva de la Voluntad Eterna,https://ddragon.leagueoflegends.com/cdn/16.9.1/img/item/2010.png,,
2015,Fragmento de Kircheis,https://ddragon.leagueoflegends.com/cdn/16.9.1/img/item/2015.png,Velocidad de ataque y un golpe mágico que puede cargarse.,FlatPhysicalDamageMod=15
2019,Sello de Acero,https://ddragon.leagueoflegends.com/cdn/16.9.1/img/item/2019.png,,FlatArmorMod=30; FlatPhysicalDamageMod=15
2020,El Brutalizador,https://ddragon.leagueoflegends.com/cdn/16.9.1/img/item/2020.png,,FlatPhysicalDamageMod=25
2021,Excavador de Túneles,https://ddragon.leagueoflegends.com/cdn/16.9.1/img/item/2021.png,,FlatHPPoolMod=250; FlatPhysicalDamageMod=15
2022,Mena Brillante,https://ddragon.leagueoflegends.com/cdn/16.9.1/img/item/2022.png,,
2031,Poción Reutilizable,https://ddragon.leagueoflegends.com/cdn/16.9.1/img/item/2031.png,Restaura vida de forma prolongada. Se rellena en la tienda.,
2033,Poción de Corrupción,https://ddragon.leagueoflegends.com/cdn/16.9.1/img/item/2033.png,Restaura vida y maná con el tiempo y aumenta la potencia de combate. Se rellena en la tienda.,
2049,Amuleto del Guardián,https://ddragon.leagueoflegends.com/cdn/16.9.1/img/item/2049.png,Aumenta la vida y va proporcionando Centinelas Invisibles a lo largo del tiempo.,FlatMagicDamageMod=20
2050,Manto del Guardián,https://ddragon.leagueoflegends.com/cdn/16.9.1/img/item/2050.png,,FlatHPPoolMod=300; FlatMagicDamageMod=35
2051,Cuerno del Guardián,https://ddragon.leagueoflegends.com/cdn/16.9.1/img/item/2051.png,Buen objeto inicial para tanques.,FlatHPPoolMod=150; FlatHPRegenMod=4
2052,Porogalletas,https://ddragon.leagueoflegends.com/cdn/16.9.1/img/item/2052.png,,
2055,Centinela de Control,https://ddragon.leagueoflegends.com/cdn/16.9.1/img/item/2055.png,Se utiliza para desactivar centinelas y trampas invisibles en la zona.,
2056,Centinela Invisible,https://ddragon.leagueoflegends.com/cdn/16.9.1/img/item/2056.png,Se usa para proporcionar visión temporal en un área,
2065,Canto de Guerra de Shurelya,https://ddragon.leagueoflegends.com/cdn/16.9.1/img/item/2065.png,Activa para aumentar la velocidad de los aliados cercanos.,FlatMagicDamageMod=50; PercentMovementSpeedMod=0.04
2138,Elixir de Hierro,https://ddragon.leagueoflegends.com/cdn/16.9.1/img/item/2138.png,Aumenta las defensas por un momento. Deja un rastro que pueden seguir los aliados.,
2139,Elixir de Brujería,https://ddragon.leagueoflegends.com/cdn/16.9.1/img/item/2139.png,Otorga temporalmente Poder de Habilidad y daño adicional a campeones y torretas.,
2140,Elixir de Furia,https://ddragon.leagueoflegends.com/cdn/16.9.1/img/item/2140.png,Otorga temporalmente Daño de Ataque y te cura cuando infliges daño físico a los campeones.,
2141,Juguito de Gorrito,https://ddragon.leagueoflegends.com/cdn/16.9.1/img/item/2141.png,,
2142,Juguito de Poder,https://ddragon.leagueoflegends.com/cdn/16.9.1/img/item/2142.png,,
2143,Juguito de Vitalidad,https://ddragon.leagueoflegends.com/cdn/16.9.1/img/item/2143.png,,
2144,Juguito de Aceleración,https://ddragon.leagueoflegends.com/cdn/16.9.1/img/item/2144.png,,
2145,Dados de la Suerte,https://ddragon.leagueoflegends.com/cdn/16.9.1/img/item/2145.png,,
2146,Dados de la Suerte Mejorados,https://ddragon.leagueoflegends.com/cdn/16.9.1/img/item/2146.png,,
2147,Nivel de Aumento,https://ddragon.leagueoflegends.com/cdn/16.9.1/img/item/2147.png,,
2150,Elixir de Habilidad,https://ddragon.leagueoflegends.com/cdn/16.9.1/img/item/2150.png,,
2151,Elixir de Avaricia,https://ddragon.leagueoflegends.com/cdn/16.9.1/img/item/2151.png,,
2152,Elixir de Fuerza,https://ddragon.leagueoflegends.com/cdn/16.9.1/img/item/2152.png,,
2161,Juguito de Poder de Bandle,https://ddragon.leagueoflegends.com/cdn/16.9.1/img/item/2161.png,,
2162,Juguito de Vitalidad de Bandle,https://ddragon.leagueoflegends.com/cdn/16.9.1/img/item/2162.png,,
2163,Juguito de Aceleración de Bandle,https://ddragon.leagueoflegends.com/cdn/16.9.1/img/item/2163.png,,
2403,Desmaterializador de Súbditos,https://ddragon.leagueoflegends.com/cdn/16.9.1/img/item/2403.png,,
2420,Guardabrazo del Buscador,https://ddragon.leagueoflegends.com/cdn/16.9.1/img/item/2420.png,Actívalo para volverte invencible. No podrás realizar ninguna acción.,FlatMagicDamageMod=40; FlatArmorMod=25
2421,Guardabrazo Fragmentado,https://ddragon.leagueoflegends.com/cdn/16.9.1/img/item/2421.png,Mejora a Cronómetro,FlatMagicDamageMod=40; FlatArmorMod=25
2422,Calzado Ligeramente Mágico,https://ddragon.leagueoflegends.com/cdn/16.9.1/img/item/2422.png,,FlatMovementSpeedMod=25
2501,Cota Sangrienta del Soberano,https://ddragon.leagueoflegends.com/cdn/16.9.1/img/item/2501.png,,FlatHPPoolMod=550; FlatPhysicalDamageMod=30
2502,Desesperación Eterna,https://ddragon.leagueoflegends.com/cdn/16.9.1/img/item/2502.png,,FlatHPPoolMod=400; FlatArmorMod=50
2503,Antorcha de Fuegoscuro,https://ddragon.leagueoflegends.com/cdn/16.9.1/img/item/2503.png,,FlatMPPoolMod=600; FlatMagicDamageMod=80
2504,Rukerno Kaénico,https://ddragon.leagueoflegends.com/cdn/16.9.1/img/item/2504.png,,FlatSpellBlockMod=80; FlatHPPoolMod=400
2508,Cenizas Predestinadas,https://ddragon.leagueoflegends.com/cdn/16.9.1/img/item/2508.png,,FlatMagicDamageMod=30
2510,Ocaso y Alba,https://ddragon.leagueoflegends.com/cdn/16.9.1/img/item/2510.png,,FlatHPPoolMod=300; FlatMagicDamageMod=60; PercentAttackSpeedMod=0.2
2512,Proyectiles Cazademonios,https://ddragon.leagueoflegends.com/cdn/16.9.1/img/item/2512.png,,FlatCritChanceMod=0.25; PercentAttackSpeedMod=0.45; PercentMovementSpeedMod=0.04
2517,Hambre Infinita,https://ddragon.leagueoflegends.com/cdn/16.9.1/img/item/2517.png,,FlatPhysicalDamageMod=65
2520,Rompebastiones,https://ddragon.leagueoflegends.com/cdn/16.9.1/img/item/2520.png,,FlatPhysicalDamageMod=55
2522,Actualizador,https://ddragon.leagueoflegends.com/cdn/16.9.1/img/item/2522.png,,FlatMPPoolMod=300; FlatMagicDamageMod=90
2523,Hexóptica C44,https://ddragon.leagueoflegends.com/cdn/16.9.1/img/item/2523.png,,FlatCritChanceMod=0.25; FlatPhysicalDamageMod=55
2524,Flautas de Bandle,https://ddragon.leagueoflegends.com/cdn/16.9.1/img/item/2524.png,,FlatSpellBlockMod=20; FlatHPPoolMod=200; FlatArmorMod=20
2525,Arnés de Protoplasma,https://ddragon.leagueoflegends.com/cdn/16.9.1/img/item/2525.png,,FlatHPPoolMod=600
2526,Tiara Susurrante,https://ddragon.leagueoflegends.com/cdn/16.9.1/img/item/2526.png,,FlatMPPoolMod=300; FlatHPPoolMod=200
2530,Diadema Musical,https://ddragon.leagueoflegends.com/cdn/16.9.1/img/item/2530.png,,FlatMPPoolMod=1000; FlatHPPoolMod=200
3001,Manto del Ocaso,https://ddragon.leagueoflegends.com/cdn/16.9.1/img/item/3001.png,Los enemigos cercanos reciben más daño mágico.,FlatSpellBlockMod=30; FlatHPPoolMod=200; FlatArmorMod=30
3002,Abrecaminos,https://ddragon.leagueoflegends.com/cdn/16.9.1/img/item/3002.png,,FlatHPPoolMod=250; FlatArmorMod=40; PercentMovementSpeedMod=0.04
3003,Báculo del Arcángel,https://ddragon.leagueoflegends.com/cdn/16.9.1/img/item/3003.png,Aumenta el Poder de Habilidad según el Maná máximo.,FlatMPPoolMod=600; FlatMagicDamageMod=70
3004,Manamune,https://ddragon.leagueoflegends.com/cdn/16.9.1/img/item/3004.png,Aumenta el Daño de Ataque según el Maná máximo.,FlatMPPoolMod=500; FlatPhysicalDamageMod=35
3005,Ghostcrawlers,https://ddragon.leagueoflegends.com/cdn/16.9.1/img/item/3005.png,Aumenta el Daño de Ataque según la Vida máxima.,FlatMovementSpeedMod=45
3006,Grebas del Berserker,https://ddragon.leagueoflegends.com/cdn/16.9.1/img/item/3006.png,Mejora la Velocidad de Movimiento y la Velocidad de Ataque.,FlatMovementSpeedMod=45; PercentAttackSpeedMod=0.25
3008,Grebas Glotonas,https://ddragon.leagueoflegends.com/cdn/16.9.1/img/item/3008.png,Aumenta el Daño de Ataque según el Maná máximo.,FlatMovementSpeedMod=45
3009,Botas de Rapidez,https://ddragon.leagueoflegends.com/cdn/16.9.1/img/item/3009.png,Mejora la Velocidad de Movimiento y reduce el efecto de las ralentizaciones.,FlatMovementSpeedMod=55
3010,Botas Simbióticas,https://ddragon.leagueoflegends.com/cdn/16.9.1/img/item/3010.png,Gasta maná para recuperar vida.,FlatMovementSpeedMod=40
3011,Putrificador Quimtech,https://ddragon.leagueoflegends.com/cdn/16.9.1/img/item/3011.png,,FlatMagicDamageMod=35
3012,Cáliz de Bendición,https://ddragon.leagueoflegends.com/cdn/16.9.1/img/item/3012.png,,FlatHPPoolMod=200
3013,Botas Sincronizadas,https://ddragon.leagueoflegends.com/cdn/16.9.1/img/item/3013.png,,FlatMovementSpeedMod=45
3020,Botas del Hechicero,https://ddragon.leagueoflegends.com/cdn/16.9.1/img/item/3020.png,Mejora la Velocidad de Movimiento y el Daño Mágico.,FlatMovementSpeedMod=45
3023,Pendiente del Pozo de Vida,https://ddragon.leagueoflegends.com/cdn/16.9.1/img/item/3023.png,Invoca espectros que ralentizan y revelan a los campeones enemigos,FlatHPPoolMod=150; FlatArmorMod=25
3024,Escudo Glacial,https://ddragon.leagueoflegends.com/cdn/16.9.1/img/item/3024.png,Aumenta la Armadura y la Reducción de Enfriamiento.,FlatMPPoolMod=300; FlatArmorMod=25
3026,Ángel Guardián,https://ddragon.leagueoflegends.com/cdn/16.9.1/img/item/3026.png,Revive periódicamente al campeón tras la muerte.,FlatArmorMod=45; FlatPhysicalDamageMod=55
3031,Filo del Infinito,https://ddragon.leagueoflegends.com/cdn/16.9.1/img/item/3031.png,Mejora enormemente los golpes críticos.,FlatCritChanceMod=0.25; FlatPhysicalDamageMod=75
3032,Flechas Salvajes de Yun Tal,https://ddragon.leagueoflegends.com/cdn/16.9.1/img/item/3032.png,,FlatPhysicalDamageMod=50; PercentAttackSpeedMod=0.4
3033,Recordatorio Mortal,https://ddragon.leagueoflegends.com/cdn/16.9.1/img/item/3033.png,Derrota a enemigos con mucha recuperación de Vida y Armadura.,FlatCritChanceMod=0.25; FlatPhysicalDamageMod=35
3035,Último Suspiro,https://ddragon.leagueoflegends.com/cdn/16.9.1/img/item/3035.png,Para contrarrestar a enemigos con mucha armadura.,FlatPhysicalDamageMod=20
3036,Recuerdos de Lord Dominik,https://ddragon.leagueoflegends.com/cdn/16.9.1/img/item/3036.png,Derrota a enemigos con mucha Vida y Armadura.,FlatCritChanceMod=0.25; FlatPhysicalDamageMod=35
3039,Juicio de Atma,https://ddragon.leagueoflegends.com/cdn/16.9.1/img/item/3039.png,,FlatHPPoolMod=700; FlatCritChanceMod=0.2
3040,Abrazo del Serafín,https://ddragon.leagueoflegends.com/cdn/16.9.1/img/item/3040.png,,FlatMPPoolMod=1000; FlatMagicDamageMod=70
3041,Robaalmas de Mejai,https://ddragon.leagueoflegends.com/cdn/16.9.1/img/item/3041.png,Otorga Poder de Habilidad por muertes y asistencias.,FlatHPPoolMod=100; FlatMagicDamageMod=20
3042,Muramaná,https://ddragon.leagueoflegends.com/cdn/16.9.1/img/item/3042.png,,FlatMPPoolMod=1000; FlatPhysicalDamageMod=35
3044,Bacteriófago,https://ddragon.leagueoflegends.com/cdn/16.9.1/img/item/3044.png,Los ataques y asesinatos otorgan una pequeña mejora de velocidad.,FlatHPPoolMod=200; FlatPhysicalDamageMod=15
3046,Bailarín Espectral,https://ddragon.leagueoflegends.com/cdn/16.9.1/img/item/3046.png,Te mueves más rápido cuando atacas a tus enemigos y obtienes un escudo cuando tienes poca vida.,FlatCritChanceMod=0.25; PercentAttackSpeedMod=0.65; PercentMovementSpeedMod=0.1
3047,Punteras de Acero Revestidas,https://ddragon.leagueoflegends.com/cdn/16.9.1/img/item/3047.png,Mejora la velocidad de movimiento y reduce el daño de ataque recibido.,FlatMovementSpeedMod=45; FlatArmorMod=25
3050,Convergencia de Zeke,https://ddragon.leagueoflegends.com/cdn/16.9.1/img/item/3050.png,Un aliado y tú reciben bonificaciones al lanzar sus habilidades definitivas.,FlatSpellBlockMod=25; FlatHPPoolMod=300; FlatArmorMod=25
3051,Hacha Hogareña,https://ddragon.leagueoflegends.com/cdn/16.9.1/img/item/3051.png,,FlatPhysicalDamageMod=20; PercentAttackSpeedMod=0.2
3053,Guantelete de Sterak,https://ddragon.leagueoflegends.com/cdn/16.9.1/img/item/3053.png,Protege frente a grandes descargas de daño.,FlatHPPoolMod=400
3057,Brillo,https://ddragon.leagueoflegends.com/cdn/16.9.1/img/item/3057.png,Otorga una bonificación al siguiente ataque tras lanzar un hechizo.,
3065,Apariencia Espiritual,https://ddragon.leagueoflegends.com/cdn/16.9.1/img/item/3065.png,Aumenta la vida y los efectos de curación.,FlatSpellBlockMod=50; FlatHPPoolMod=400
3066,Placa Lunar Alada,https://ddragon.leagueoflegends.com/cdn/16.9.1/img/item/3066.png,,FlatHPPoolMod=200; PercentMovementSpeedMod=0.04
3067,Gemaluz,https://ddragon.leagueoflegends.com/cdn/16.9.1/img/item/3067.png,Aumenta la vida y la reducción de enfriamiento.,FlatHPPoolMod=200
3068,Égida de Fuego Solar,https://ddragon.leagueoflegends.com/cdn/16.9.1/img/item/3068.png,Armadura alta. Inflige daño constante a los enemigos cercanos. Inmoviliza a los enemigos para lanzar una ola de fuego que inflige daño.,FlatHPPoolMod=350; FlatArmorMod=50
3070,Lágrima de la Diosa,https://ddragon.leagueoflegends.com/cdn/16.9.1/img/item/3070.png,Aumenta el maná máximo a medida que se gasta maná.,FlatMPPoolMod=240
3071,Cuchilla Oscura,https://ddragon.leagueoflegends.com/cdn/16.9.1/img/item/3071.png,"Al causar daño físico a campeones enemigos, reduces su armadura.",FlatHPPoolMod=400; FlatPhysicalDamageMod=40
3072,La Sanguinaria,https://ddragon.leagueoflegends.com/cdn/16.9.1/img/item/3072.png,"Otorga daño de ataque y robo de vida. Además, el robo de vida ahora sobrecura.",FlatPhysicalDamageMod=80; PercentLifeStealMod=0.15
3073,Placa Hexperimental,https://ddragon.leagueoflegends.com/cdn/16.9.1/img/item/3073.png,Aumenta el maná máximo a medida que se gasta maná.,FlatHPPoolMod=450; FlatPhysicalDamageMod=40; PercentAttackSpeedMod=0.2
3074,Hidra Voraz,https://ddragon.leagueoflegends.com/cdn/16.9.1/img/item/3074.png,"Los ataques melé afectan a los enemigos cercanos, infligiendo daño y restaurando vida.",FlatPhysicalDamageMod=65; PercentLifeStealMod=0.12
3075,Cota de Espinas,https://ddragon.leagueoflegends.com/cdn/16.9.1/img/item/3075.png,,FlatHPPoolMod=150; FlatArmorMod=75
3076,Vesta Espinosa,https://ddragon.leagueoflegends.com/cdn/16.9.1/img/item/3076.png,,FlatArmorMod=30
3077,Tiamat,https://ddragon.leagueoflegends.com/cdn/16.9.1/img/item/3077.png,Los ataques cuerpo a cuerpo golpean a los enemigos cercanos.,FlatPhysicalDamageMod=20
3078,Fuerza de la Trinidad,https://ddragon.leagueoflegends.com/cdn/16.9.1/img/item/3078.png,Toneladas de daño.,FlatHPPoolMod=333; FlatPhysicalDamageMod=36; PercentAttackSpeedMod=0.3
3082,Cota del Guardabosques,https://ddragon.leagueoflegends.com/cdn/16.9.1/img/item/3082.png,,FlatArmorMod=40
3083,Armadura de Warmog,https://ddragon.leagueoflegends.com/cdn/16.9.1/img/item/3083.png,Otorga una enorme cantidad de vida y regeneración de vida.,FlatHPPoolMod=1000
3084,Corazón de Acero,https://ddragon.leagueoflegends.com/cdn/16.9.1/img/item/3084.png,Restaura vida al matar o asistir.,FlatHPPoolMod=900
3085,Huracán de Runaan,https://ddragon.leagueoflegends.com/cdn/16.9.1/img/item/3085.png,Los ataques a distancia disparan dos rayos a enemigos cercanos.,FlatCritChanceMod=0.25; PercentAttackSpeedMod=0.4; PercentMovementSpeedMod=0.04
3086,Fervor,https://ddragon.leagueoflegends.com/cdn/16.9.1/img/item/3086.png,"Pequeña probabilidad de golpe crítico, de velocidad de movimiento y de velocidad de ataque.",FlatCritChanceMod=0.15; PercentAttackSpeedMod=0.15; PercentMovementSpeedMod=0.04
3087,Daga de Statikk,https://ddragon.leagueoflegends.com/cdn/16.9.1/img/item/3087.png,El movimiento genera cargas que liberan rayos con el ataque básico.,FlatMagicDamageMod=45; FlatPhysicalDamageMod=40; PercentAttackSpeedMod=0.3; PercentMovementSpeedMod=0.04
3089,Sombrero Mortífero de Rabadon,https://ddragon.leagueoflegends.com/cdn/16.9.1/img/item/3089.png,Aumenta enormemente el poder de habilidad.,FlatMagicDamageMod=130
3091,Al Filo de la Cordura,https://ddragon.leagueoflegends.com/cdn/16.9.1/img/item/3091.png,Resiste el daño mágico y aférrate a la vida.,FlatSpellBlockMod=45; PercentAttackSpeedMod=0.5
3094,Cañón de Fuego Rápido,https://ddragon.leagueoflegends.com/cdn/16.9.1/img/item/3094.png,El movimiento genera cargas que liberan un ataque de fuego de asedio.,FlatCritChanceMod=0.25; PercentAttackSpeedMod=0.35; PercentMovementSpeedMod=0.04
3095,Objeto obsoleto,https://ddragon.leagueoflegends.com/cdn/16.9.1/img/item/3095.png,Incrementa considerablemente el poder de otros efectos energizados.,FlatCritChanceMod=0.25; FlatPhysicalDamageMod=50; PercentAttackSpeedMod=0.2
3097,Filo de la Tormenta,https://ddragon.leagueoflegends.com/cdn/16.9.1/img/item/3097.png,Mata súbditos enemigos de vez en cuando para otorgarle oro a un aliado cercano.,FlatCritChanceMod=0.25; FlatPhysicalDamageMod=50; PercentAttackSpeedMod=0.2
3100,Maldición del Liche,https://ddragon.leagueoflegends.com/cdn/16.9.1/img/item/3100.png,Otorga una bonificación al siguiente ataque tras lanzar un hechizo.,FlatMagicDamageMod=100; PercentMovementSpeedMod=0.04
3102,Velo de la Banshee,https://ddragon.leagueoflegends.com/cdn/16.9.1/img/item/3102.png,Bloquea periódicamente las habilidades enemigas.,FlatSpellBlockMod=40; FlatMagicDamageMod=105
3105,Égida de la Legión,https://ddragon.leagueoflegends.com/cdn/16.9.1/img/item/3105.png,Otorga Armadura y Resistencia Mágica.,FlatSpellBlockMod=25; FlatArmorMod=25
3107,Redención,https://ddragon.leagueoflegends.com/cdn/16.9.1/img/item/3107.png,Activa para curar aliados e infligir daño en área a enemigos.,FlatMagicDamageMod=30
3108,Códice Diabólico,https://ddragon.leagueoflegends.com/cdn/16.9.1/img/item/3108.png,Aumenta el poder de habilidad y la reducción de enfriamiento.,FlatMagicDamageMod=25
3109,Promesa del Caballero,https://ddragon.leagueoflegends.com/cdn/16.9.1/img/item/3109.png,Únete a un aliado para protegerse mutuamente.,FlatHPPoolMod=200; FlatArmorMod=40
3110,Corazón de Hielo,https://ddragon.leagueoflegends.com/cdn/16.9.1/img/item/3110.png,Aumenta considerablemente la armadura y ralentiza los ataques básicos del enemigo.,FlatMPPoolMod=400; FlatArmorMod=75
3111,Botas de Mercurio,https://ddragon.leagueoflegends.com/cdn/16.9.1/img/item/3111.png,Aumenta la velocidad de movimiento y reduce la duración de efectos incapacitantes.,FlatSpellBlockMod=20; FlatMovementSpeedMod=45
3112,Orbe del Guardián,https://ddragon.leagueoflegends.com/cdn/16.9.1/img/item/3112.png,Buen objeto inicial para magos.,FlatHPPoolMod=150; FlatMagicDamageMod=50
3113,Brisa de Éter,https://ddragon.leagueoflegends.com/cdn/16.9.1/img/item/3113.png,Aumenta el Poder de Habilidad y la Velocidad de Movimiento.,FlatMagicDamageMod=30; PercentMovementSpeedMod=0.04
3114,Ídolo Prohibido,https://ddragon.leagueoflegends.com/cdn/16.9.1/img/item/3114.png,"Aumenta el poder de curaciones y escudos, la regeneración de maná y la reducción de enfriamiento.",
3115,Diente de Nashor,https://ddragon.leagueoflegends.com/cdn/16.9.1/img/item/3115.png,"Aumenta la Velocidad de Ataque, el Poder de Habilidad y la Reducción de Enfriamiento.",FlatMagicDamageMod=80; PercentAttackSpeedMod=0.5
3116,Cetro de Cristal de Rylai,https://ddragon.leagueoflegends.com/cdn/16.9.1/img/item/3116.png,Las habilidades ralentizan a los enemigos.,FlatHPPoolMod=400; FlatMagicDamageMod=65
3117,Botas de Movilidad,https://ddragon.leagueoflegends.com/cdn/16.9.1/img/item/3117.png,Mejora en gran medida la Velocidad de Movimiento cuando no estás en combate.,FlatMovementSpeedMod=45
3118,Maldad,https://ddragon.leagueoflegends.com/cdn/16.9.1/img/item/3118.png,Únete a un aliado para protegerse mutuamente.,FlatMPPoolMod=600; FlatMagicDamageMod=90
3119,Umbral del Invierno,https://ddragon.leagueoflegends.com/cdn/16.9.1/img/item/3119.png,,FlatMPPoolMod=500; FlatHPPoolMod=550
3121,Invierno Nórdico,https://ddragon.leagueoflegends.com/cdn/16.9.1/img/item/3121.png,,FlatMPPoolMod=1000; FlatHPPoolMod=550
3123,El Llamado del Verdugo,https://ddragon.leagueoflegends.com/cdn/16.9.1/img/item/3123.png,Derrota a enemigos con mucha ganancia de Vida.,FlatPhysicalDamageMod=15
3124,Espadafuria de Guinsoo,https://ddragon.leagueoflegends.com/cdn/16.9.1/img/item/3124.png,,FlatMagicDamageMod=30; FlatPhysicalDamageMod=30; PercentAttackSpeedMod=0.25
3128,Garra de la Muerte Ígnea,https://ddragon.leagueoflegends.com/cdn/16.9.1/img/item/3128.png,Puede activarse para aumentar todo el Daño Mágico causado a un campeón enemigo.,FlatMagicDamageMod=120
3131,Espada de los Dioses,https://ddragon.leagueoflegends.com/cdn/16.9.1/img/item/3131.png,"Al activarse, obtienes 100% de probabilidad de golpe crítico por unos momentos",FlatPhysicalDamageMod=30; PercentAttackSpeedMod=0.25
3133,Martillo de Guerra de Caulfield,https://ddragon.leagueoflegends.com/cdn/16.9.1/img/item/3133.png,Aumenta el daño de ataque y la reducción de enfriamiento.,FlatPhysicalDamageMod=20
3134,Puñal Serrado,https://ddragon.leagueoflegends.com/cdn/16.9.1/img/item/3134.png,Aumenta el Daño de Ataque y la Letalidad.,FlatPhysicalDamageMod=20
3135,Báculo del Vacío,https://ddragon.leagueoflegends.com/cdn/16.9.1/img/item/3135.png,Aumenta el Daño Mágico.,FlatMagicDamageMod=95
3137,Criptorretoño,https://ddragon.leagueoflegends.com/cdn/16.9.1/img/item/3137.png,Puede activarse para quitar todas las debilitaciones y ganar una enorme cantidad de Velocidad de Movimiento.,FlatMagicDamageMod=75
3139,Cimitarra Mercurial,https://ddragon.leagueoflegends.com/cdn/16.9.1/img/item/3139.png,Puede activarse para quitar todas las debilitaciones de control de masas y ganar una enorme cantidad de Velocidad de Movimiento.,FlatSpellBlockMod=35; FlatPhysicalDamageMod=50; PercentLifeStealMod=0.1
3140,Fajín de Mercurio,https://ddragon.leagueoflegends.com/cdn/16.9.1/img/item/3140.png,Puede activarse para quitar todas las debilitaciones de control de masas.,FlatSpellBlockMod=30
3142,Espada Fantasma de Youmuu,https://ddragon.leagueoflegends.com/cdn/16.9.1/img/item/3142.png,Se activa para aumentar en gran cantidad la Velocidad de Movimiento.,FlatPhysicalDamageMod=55; PercentMovementSpeedMod=0.04
3143,Presagio de Randuin,https://ddragon.leagueoflegends.com/cdn/16.9.1/img/item/3143.png,Aumenta notablemente las defensas y puede activarse para ralentizar a los enemigos cercanos.,FlatHPPoolMod=350; FlatArmorMod=75
3144,Honda del Explorador,https://ddragon.leagueoflegends.com/cdn/16.9.1/img/item/3144.png,Puede activarse para infligir daño mágico y ralentizar al campeón objetivo.,PercentAttackSpeedMod=0.2
3145,Alternador Hextech,https://ddragon.leagueoflegends.com/cdn/16.9.1/img/item/3145.png,Aumenta el poder de habilidad. Inflige daño mágico extra periódicamente.,FlatMagicDamageMod=45
3146,Sablepistola Hextech,https://ddragon.leagueoflegends.com/cdn/16.9.1/img/item/3146.png,Aumenta el Daño de Ataque y el Poder de Habilidad y se puede activar para ralentizar a un objetivo.,FlatMagicDamageMod=80; FlatPhysicalDamageMod=40
3147,Antifaz Embrujado,https://ddragon.leagueoflegends.com/cdn/16.9.1/img/item/3147.png,Inflige daño físico adicional al emboscar enemigos.,FlatHPPoolMod=200; FlatMagicDamageMod=30
3152,Cinturón Cohete Hextech,https://ddragon.leagueoflegends.com/cdn/16.9.1/img/item/3152.png,Puede activarse para deslizarse hacia delante y desatar una explosión de fuego.,FlatHPPoolMod=300; FlatMagicDamageMod=70
3153,Espada del Rey Arruinado,https://ddragon.leagueoflegends.com/cdn/16.9.1/img/item/3153.png,"Inflige daño según la vida del objetivo, puede robar velocidad de movimiento.",FlatPhysicalDamageMod=40; PercentAttackSpeedMod=0.25; PercentLifeStealMod=0.1
3155,Sorbechizos,https://ddragon.leagueoflegends.com/cdn/16.9.1/img/item/3155.png,Aumenta el daño de ataque y la resistencia mágica.,FlatSpellBlockMod=25; FlatPhysicalDamageMod=25
3156,Fauces de Malmortius,https://ddragon.leagueoflegends.com/cdn/16.9.1/img/item/3156.png,Otorga Daño de Ataque adicional cuando tienes poca Vida.,FlatSpellBlockMod=40; FlatPhysicalDamageMod=60
3157,Reloj de Arena de Zhonya,https://ddragon.leagueoflegends.com/cdn/16.9.1/img/item/3157.png,Actívalo para volverte invencible. No podrás realizar ninguna acción.,FlatMagicDamageMod=105; FlatArmorMod=50
3158,Botas Jonias de la Lucidez,https://ddragon.leagueoflegends.com/cdn/16.9.1/img/item/3158.png,Aumenta la Velocidad de Movimiento y la Reducción de Enfriamiento.,FlatMovementSpeedMod=45
3161,Lanza de Shojin,https://ddragon.leagueoflegends.com/cdn/16.9.1/img/item/3161.png,Reduce una cantidad fija del daño recibido de campeones. Atacar con varios campeones enemigos cercanos potencia este efecto durante un breve periodo.,FlatHPPoolMod=450; FlatPhysicalDamageMod=45
3165,Morellonomicón,https://ddragon.leagueoflegends.com/cdn/16.9.1/img/item/3165.png,Aumenta el daño mágico.,FlatHPPoolMod=350; FlatMagicDamageMod=75
3168,Camino Inmortal,https://ddragon.leagueoflegends.com/cdn/16.9.1/img/item/3168.png,,FlatMovementSpeedMod=45
3170,Botas de Marcha Rápida,https://ddragon.leagueoflegends.com/cdn/16.9.1/img/item/3170.png,Mejora la defensa y reduce la duración de los efectos incapacitantes.,FlatMovementSpeedMod=65
3171,Botas de Lucidez Carmesí ,https://ddragon.leagueoflegends.com/cdn/16.9.1/img/item/3171.png,,FlatMovementSpeedMod=45
3172,Grebas de Armacero,https://ddragon.leagueoflegends.com/cdn/16.9.1/img/item/3172.png,Movilidad y Tenacidad,FlatMovementSpeedMod=45; PercentAttackSpeedMod=0.4; PercentLifeStealMod=0.05
3173,Trituradoras Aceradas,https://ddragon.leagueoflegends.com/cdn/16.9.1/img/item/3173.png,Aumenta la Velocidad de Movimiento y la Reducción de Enfriamiento.,FlatSpellBlockMod=30; FlatMovementSpeedMod=45
3174,Blindadas de Avance ,https://ddragon.leagueoflegends.com/cdn/16.9.1/img/item/3174.png,Puedes infligir daño para alimentar tus curaciones y escudos.,FlatMovementSpeedMod=45; FlatArmorMod=35
3175,Zapatos de Lanzahechizos,https://ddragon.leagueoflegends.com/cdn/16.9.1/img/item/3175.png,,FlatMovementSpeedMod=45
3176,Avance Implacable,https://ddragon.leagueoflegends.com/cdn/16.9.1/img/item/3176.png,,FlatMovementSpeedMod=55
3177,Espada del Guardián,https://ddragon.leagueoflegends.com/cdn/16.9.1/img/item/3177.png,Un buen objeto inicial para atacantes,FlatHPPoolMod=150; FlatPhysicalDamageMod=30
3179,Espada de la Penumbra,https://ddragon.leagueoflegends.com/cdn/16.9.1/img/item/3179.png,Otorga detección de trampas y centinelas periódicamente.,FlatPhysicalDamageMod=60
3181,Rompecascos,https://ddragon.leagueoflegends.com/cdn/16.9.1/img/item/3181.png,,FlatHPPoolMod=500; FlatPhysicalDamageMod=40; PercentMovementSpeedMod=0.04
3184,Martillo del Guardián,https://ddragon.leagueoflegends.com/cdn/16.9.1/img/item/3184.png,Buen objeto inicial para atacantes.,FlatHPPoolMod=150; FlatPhysicalDamageMod=25; PercentLifeStealMod=0.05
3190,Relicario de los Solari de Hierro,https://ddragon.leagueoflegends.com/cdn/16.9.1/img/item/3190.png,Se activa para proteger a aliados cercanos del daño.,FlatSpellBlockMod=25; FlatHPPoolMod=200; FlatArmorMod=25
3193,Armadura Pétrea,https://ddragon.leagueoflegends.com/cdn/16.9.1/img/item/3193.png,Aumenta considerablemente la defensa cerca de múltiples enemigos.,FlatSpellBlockMod=60; FlatArmorMod=60
3211,Hábito del Espectro,https://ddragon.leagueoflegends.com/cdn/16.9.1/img/item/3211.png,Mejora la defensa y otorga regeneración al recibir daño.,FlatSpellBlockMod=35; FlatHPPoolMod=200
3222,Bendición de Mikael,https://ddragon.leagueoflegends.com/cdn/16.9.1/img/item/3222.png,Puede activarse para eliminar todos los efectos incapacitantes de un campeón aliado.,FlatHPPoolMod=250
3302,Terminus,https://ddragon.leagueoflegends.com/cdn/16.9.1/img/item/3302.png,Mata súbditos enemigos de vez en cuando para otorgarle oro a un aliado cercano.,FlatPhysicalDamageMod=30; PercentAttackSpeedMod=0.35
3330,Efigie de Espantapájaros,https://ddragon.leagueoflegends.com/cdn/16.9.1/img/item/3330.png,Coloca un Centinela Invisible periódicamente,
3340,Centinela Invisible,https://ddragon.leagueoflegends.com/cdn/16.9.1/img/item/3340.png,Coloca periódicamente un Centinela Invisible.,
3348,Explorador Arcano,https://ddragon.leagueoflegends.com/cdn/16.9.1/img/item/3348.png,"Al activarse, revela una zona cercana del mapa.",
3349,Singularidad Brillante,https://ddragon.leagueoflegends.com/cdn/16.9.1/img/item/3349.png,"Lux crea una zona luminosa que Ralentiza en @Slow@ y revela la zona. Tras 5 seg o al volver a lanzar esta habilidad, detona, lo que inflige @TotalDamage@ de daño mágico y Ralentiza durante un @SlowLingerDuration@ seg adicional.",
3363,Alteración de Visión Lejana,https://ddragon.leagueoflegends.com/cdn/16.9.1/img/item/3363.png,Otorga rango aumentado y revela la zona seleccionada.,
3364,Lente del Oráculo,https://ddragon.leagueoflegends.com/cdn/16.9.1/img/item/3364.png,Desactiva los centinelas y las trampas invisibles cercanos durante cierto tiempo.,
3398,Recuerdito de fiesta pequeño,https://ddragon.leagueoflegends.com/cdn/16.9.1/img/item/3398.png,,
3399,Recuerdito de fiesta,https://ddragon.leagueoflegends.com/cdn/16.9.1/img/item/3399.png,,
3400,Tu parte,https://ddragon.leagueoflegends.com/cdn/16.9.1/img/item/3400.png,,
3430,Rito de Ruina,https://ddragon.leagueoflegends.com/cdn/16.9.1/img/item/3430.png,,FlatMagicDamageMod=50; FlatCritChanceMod=0.25
3504,Pebetero Ardiente,https://ddragon.leagueoflegends.com/cdn/16.9.1/img/item/3504.png,Los efectos de curación y escudos en otras unidades otorgan a ambos velocidad de ataque y sus ataques infligen daño mágico adicional al impacto.,FlatMagicDamageMod=45; PercentMovementSpeedMod=0.04
3508,Saqueador de Esencias,https://ddragon.leagueoflegends.com/cdn/16.9.1/img/item/3508.png,,FlatCritChanceMod=0.25; FlatPhysicalDamageMod=50
3513,Ojo del Heraldo,https://ddragon.leagueoflegends.com/cdn/16.9.1/img/item/3513.png,Ojo del Heraldo - Un Regalo del Vacío.,
3599,Lanza Negra de Kalista,https://ddragon.leagueoflegends.com/cdn/16.9.1/img/item/3599.png,La lanza de Kalista que la vincula a un aliado Juramentado.,
3600,Lanza Negra de Kalista,https://ddragon.leagueoflegends.com/cdn/16.9.1/img/item/3600.png,La lanza de Kalista que la vincula a un aliado Juramentado.,
3742,Placa del Hombre Muerto,https://ddragon.leagueoflegends.com/cdn/16.9.1/img/item/3742.png,Ganas impulso al moverte antes de embestir a tus enemigos.,FlatHPPoolMod=350; FlatArmorMod=55; PercentMovementSpeedMod=0.04
3748,Hidra Titánica,https://ddragon.leagueoflegends.com/cdn/16.9.1/img/item/3748.png,Causa daño de área en función de la vida del propietario.,FlatHPPoolMod=600; FlatPhysicalDamageMod=40
3801,Brazal Cristalino,https://ddragon.leagueoflegends.com/cdn/16.9.1/img/item/3801.png,Otorga Vida y Regeneración de Vida.,FlatHPPoolMod=200
3802,Capítulo Perdido,https://ddragon.leagueoflegends.com/cdn/16.9.1/img/item/3802.png,Restaura maná luego de subir de nivel.,FlatMPPoolMod=300; FlatMagicDamageMod=40
3803,Catalizador de Eones,https://ddragon.leagueoflegends.com/cdn/16.9.1/img/item/3803.png,,FlatMPPoolMod=375; FlatHPPoolMod=300
3814,Filo de la Noche,https://ddragon.leagueoflegends.com/cdn/16.9.1/img/item/3814.png,Bloquea habilidades enemigas periódicamente.,FlatHPPoolMod=250; FlatPhysicalDamageMod=50
3850,Filo del Robahechizos,https://ddragon.leagueoflegends.com/cdn/16.9.1/img/item/3850.png,Otorga oro y se mejora cuando dañas campeones enemigos.,FlatHPPoolMod=25; FlatMagicDamageMod=10
3851,Colmillo de Escarcha,https://ddragon.leagueoflegends.com/cdn/16.9.1/img/item/3851.png,,FlatHPPoolMod=70; FlatMagicDamageMod=15
3853,Fragmento de Hielo Puro,https://ddragon.leagueoflegends.com/cdn/16.9.1/img/item/3853.png,,FlatHPPoolMod=75; FlatMagicDamageMod=40
3854,Hombreras de Acero,https://ddragon.leagueoflegends.com/cdn/16.9.1/img/item/3854.png,Otorga oro y se mejora cuando ejecutas súbditos junto con aliados.,FlatHPPoolMod=50; FlatPhysicalDamageMod=4
3855,Hombreras de Acero Rúnico,https://ddragon.leagueoflegends.com/cdn/16.9.1/img/item/3855.png,,FlatHPPoolMod=100; FlatPhysicalDamageMod=6
3857,Hombreras de Roca Blanca,https://ddragon.leagueoflegends.com/cdn/16.9.1/img/item/3857.png,,FlatHPPoolMod=250; FlatPhysicalDamageMod=15
3858,Escudo Reliquia,https://ddragon.leagueoflegends.com/cdn/16.9.1/img/item/3858.png,Otorga oro y se mejora cuando ejecutas súbditos junto con aliados.,FlatHPPoolMod=50; FlatMagicDamageMod=7
3859,Escudo de Targón,https://ddragon.leagueoflegends.com/cdn/16.9.1/img/item/3859.png,,FlatHPPoolMod=100; FlatMagicDamageMod=10
3860,Baluarte de la Montaña,https://ddragon.leagueoflegends.com/cdn/16.9.1/img/item/3860.png,,FlatHPPoolMod=250; FlatMagicDamageMod=20
3862,Hoz Espectral,https://ddragon.leagueoflegends.com/cdn/16.9.1/img/item/3862.png,Otorga oro y se mejora cuando dañas campeones enemigos.,FlatHPPoolMod=25; FlatPhysicalDamageMod=6
3863,Creciente de Sombras,https://ddragon.leagueoflegends.com/cdn/16.9.1/img/item/3863.png,,FlatHPPoolMod=60; FlatPhysicalDamageMod=10
3864,Guadaña de Niebla Oscura,https://ddragon.leagueoflegends.com/cdn/16.9.1/img/item/3864.png,,FlatHPPoolMod=75; FlatPhysicalDamageMod=20
3865,Mapamundi,https://ddragon.leagueoflegends.com/cdn/16.9.1/img/item/3865.png,,FlatHPPoolMod=30
3866,Brújula Rúnica,https://ddragon.leagueoflegends.com/cdn/16.9.1/img/item/3866.png,,FlatHPPoolMod=100
3867,Recompensa Mundial,https://ddragon.leagueoflegends.com/cdn/16.9.1/img/item/3867.png,,FlatHPPoolMod=200
3869,Oposición Celestial,https://ddragon.leagueoflegends.com/cdn/16.9.1/img/item/3869.png,,FlatHPPoolMod=200
3870,Tejesueños,https://ddragon.leagueoflegends.com/cdn/16.9.1/img/item/3870.png,,FlatHPPoolMod=200
3871,Espina Dimensional de Zaz'Zak,https://ddragon.leagueoflegends.com/cdn/16.9.1/img/item/3871.png,,FlatHPPoolMod=200
3876,Trineo del Solsticio,https://ddragon.leagueoflegends.com/cdn/16.9.1/img/item/3876.png,,FlatHPPoolMod=200
3877,Canción de Sangre,https://ddragon.leagueoflegends.com/cdn/16.9.1/img/item/3877.png,,FlatHPPoolMod=200
3901,<rarityLegendary>Fuego a Discreción</rarityLegendary><br><subtitleLeft><silver>500 Serpientes de Plata</silver></subtitleLeft>,https://ddragon.leagueoflegends.com/cdn/16.9.1/img/item/3901.png,Descarga de Cañones dispara a un ritmo creciente con el tiempo (6 oleadas adicionales a lo largo del efecto).,
3902,<rarityLegendary>Hija de la Muerte</rarityLegendary><br><subtitleLeft><silver>500 Serpientes de Plata</silver></subtitleLeft>,https://ddragon.leagueoflegends.com/cdn/16.9.1/img/item/3902.png,"Descarga de Cañones dispara una bala de cañón gigante adicional al centro de la Descarga, la cual inflige daño verdadero adicional y ralentiza.",
3903,<rarityLegendary>Subiendo la Moral</rarityLegendary><br><subtitleLeft><silver>500 Serpientes de Plata</silver></subtitleLeft>,https://ddragon.leagueoflegends.com/cdn/16.9.1/img/item/3903.png,Los aliados en la Descarga de Cañones obtienen velocidad de movimiento adicional.,
3916,Orbe del Olvido,https://ddragon.leagueoflegends.com/cdn/16.9.1/img/item/3916.png,Aumenta el daño mágico.,FlatMagicDamageMod=25
4003,Salvavidas,https://ddragon.leagueoflegends.com/cdn/16.9.1/img/item/4003.png,Marca el suelo y te lleva de vuelta a la marca tras unos segundos.,FlatPhysicalDamageMod=25; PercentMovementSpeedMod=0.04
4004,Sable Espectral,https://ddragon.leagueoflegends.com/cdn/16.9.1/img/item/4004.png,Marca el suelo y te lleva de vuelta a la marca tras unos segundos.,FlatPhysicalDamageMod=50; PercentMovementSpeedMod=0.04
4005,Mandato Imperial,https://ddragon.leagueoflegends.com/cdn/16.9.1/img/item/4005.png,Aplaza el daño recibido.,FlatMagicDamageMod=60
4010,Maldición de la Vampiresa,https://ddragon.leagueoflegends.com/cdn/16.9.1/img/item/4010.png,Obtendrás un escudo antihechizos tras infligir daño a un enemigo con una habilidad.,FlatHPPoolMod=350; FlatMagicDamageMod=60
4011,Espada del Amanecer Floreciente,https://ddragon.leagueoflegends.com/cdn/16.9.1/img/item/4011.png,,FlatHPPoolMod=200; FlatMagicDamageMod=45
4012,Devorador de pecados,https://ddragon.leagueoflegends.com/cdn/16.9.1/img/item/4012.png,,FlatSpellBlockMod=45; FlatHPPoolMod=300; FlatArmorMod=45
4013,Trenza eléctrica,https://ddragon.leagueoflegends.com/cdn/16.9.1/img/item/4013.png,,FlatSpellBlockMod=30; FlatMagicDamageMod=70; FlatArmorMod=30
4014,Mazo de Hielo,https://ddragon.leagueoflegends.com/cdn/16.9.1/img/item/4014.png,,FlatHPPoolMod=600; PercentAttackSpeedMod=0.6
4015,Perplejidad,https://ddragon.leagueoflegends.com/cdn/16.9.1/img/item/4015.png,,FlatMagicDamageMod=60; PercentMovementSpeedMod=0.05
4016,Promesa sin Palabras,https://ddragon.leagueoflegends.com/cdn/16.9.1/img/item/4016.png,,FlatMagicDamageMod=50
4017,Hacha de Fuego Infernal,https://ddragon.leagueoflegends.com/cdn/16.9.1/img/item/4017.png,,FlatPhysicalDamageMod=35
4401,Fuerza de la Naturaleza,https://ddragon.leagueoflegends.com/cdn/16.9.1/img/item/4401.png,"Velocidad de movimiento, resistencia mágica y regen. de vida máxima",FlatSpellBlockMod=55; FlatHPPoolMod=400; PercentMovementSpeedMod=0.04
4402,Relicario Enervante,https://ddragon.leagueoflegends.com/cdn/16.9.1/img/item/4402.png,Lanza hechizos para curar,FlatMPPoolMod=300; FlatHPPoolMod=400; FlatPhysicalDamageMod=30
4403,La Espátula Dorada,https://ddragon.leagueoflegends.com/cdn/16.9.1/img/item/4403.png,¡Lo hace TODO!,FlatSpellBlockMod=30; FlatMPPoolMod=250; FlatHPPoolMod=250; FlatMagicDamageMod=120; FlatArmorMod=30; FlatCritChanceMod=0.3; FlatPhysicalDamageMod=70; PercentAttackSpeedMod=0.5; PercentLifeStealMod=0.1; PercentMovementSpeedMod=0.1
4628,Enfoque al Horizonte,https://ddragon.leagueoflegends.com/cdn/16.9.1/img/item/4628.png,Inmovilizar a un campeón hace que le caiga un rayo.,FlatMagicDamageMod=75
4629,Impulso Cósmico,https://ddragon.leagueoflegends.com/cdn/16.9.1/img/item/4629.png,Grandes cantidades de reducción de enfriamiento.,FlatHPPoolMod=350; FlatMagicDamageMod=70; PercentMovementSpeedMod=0.04
4630,Joya Maldita,https://ddragon.leagueoflegends.com/cdn/16.9.1/img/item/4630.png,,FlatMagicDamageMod=25
4632,Barrera Esmeralda,https://ddragon.leagueoflegends.com/cdn/16.9.1/img/item/4632.png,,FlatSpellBlockMod=25; FlatMagicDamageMod=40
4633,Agrietador,https://ddragon.leagueoflegends.com/cdn/16.9.1/img/item/4633.png,,FlatHPPoolMod=350; FlatMagicDamageMod=70
4635,Mirada Absorbente,https://ddragon.leagueoflegends.com/cdn/16.9.1/img/item/4635.png,,FlatHPPoolMod=250; FlatMagicDamageMod=20
4636,Cosechador Nocturno,https://ddragon.leagueoflegends.com/cdn/16.9.1/img/item/4636.png,,FlatHPPoolMod=300; FlatMagicDamageMod=90
4637,Abrazo Demoniaco,https://ddragon.leagueoflegends.com/cdn/16.9.1/img/item/4637.png,,FlatHPPoolMod=350; FlatMagicDamageMod=75
4638,Piedravigía Observadora,https://ddragon.leagueoflegends.com/cdn/16.9.1/img/item/4638.png,,FlatSpellBlockMod=15; FlatHPPoolMod=150; FlatArmorMod=10
4641,Piedravigía Agitadora,https://ddragon.leagueoflegends.com/cdn/16.9.1/img/item/4641.png,,FlatHPPoolMod=80
4642,Espejo de Vitrobandle,https://ddragon.leagueoflegends.com/cdn/16.9.1/img/item/4642.png,,FlatMagicDamageMod=20
4643,Piedravigía Alerta,https://ddragon.leagueoflegends.com/cdn/16.9.1/img/item/4643.png,,FlatSpellBlockMod=30; FlatHPPoolMod=250; FlatArmorMod=25
4644,Corona de la Reina Fragmentada,https://ddragon.leagueoflegends.com/cdn/16.9.1/img/item/4644.png,,FlatMPPoolMod=600; FlatHPPoolMod=250; FlatMagicDamageMod=85
4645,Lumbría,https://ddragon.leagueoflegends.com/cdn/16.9.1/img/item/4645.png,,FlatMagicDamageMod=110
4646,Descarga Tormentosa,https://ddragon.leagueoflegends.com/cdn/16.9.1/img/item/4646.png,,FlatMagicDamageMod=90; PercentMovementSpeedMod=0.06
6029,Látigo Férreo,https://ddragon.leagueoflegends.com/cdn/16.9.1/img/item/6029.png,,FlatPhysicalDamageMod=30
6032,Estadística adicional,https://ddragon.leagueoflegends.com/cdn/16.9.1/img/item/6032.png,,
6035,Amanecer Plateado,https://ddragon.leagueoflegends.com/cdn/16.9.1/img/item/6035.png,,FlatSpellBlockMod=40; FlatHPPoolMod=300; FlatPhysicalDamageMod=40
6333,Danza de la Muerte,https://ddragon.leagueoflegends.com/cdn/16.9.1/img/item/6333.png,,FlatArmorMod=50; FlatPhysicalDamageMod=60
6609,Sierraespada Quimpunk,https://ddragon.leagueoflegends.com/cdn/16.9.1/img/item/6609.png,,FlatHPPoolMod=450; FlatPhysicalDamageMod=45
6610,Cielo Desgarrado,https://ddragon.leagueoflegends.com/cdn/16.9.1/img/item/6610.png,,FlatHPPoolMod=400; FlatPhysicalDamageMod=45
6616,Báculo de Agua Fluyente,https://ddragon.leagueoflegends.com/cdn/16.9.1/img/item/6616.png,Tus curaciones y escudos reducen los efectos de control de masas y otorgan velocidad de movimiento.,FlatMagicDamageMod=35
6617,Renovador de Piedra Lunar,https://ddragon.leagueoflegends.com/cdn/16.9.1/img/item/6617.png,Tus curaciones y escudos tienen un menor enfriamiento y un mayor efecto en aliados con vida baja.,FlatHPPoolMod=200; FlatMagicDamageMod=25
6620,Ecos de Helia,https://ddragon.leagueoflegends.com/cdn/16.9.1/img/item/6620.png,"Inflige daño a enemigos con poca vida para activar una explosión maldita, que inflige daño y ralentiza a los enemigos cercanos.",FlatHPPoolMod=200; FlatMagicDamageMod=35
6621,Esfera del Amanecer,https://ddragon.leagueoflegends.com/cdn/16.9.1/img/item/6621.png,,FlatMagicDamageMod=45
6630,Bebedor de Sangre,https://ddragon.leagueoflegends.com/cdn/16.9.1/img/item/6630.png,,FlatHPPoolMod=400; FlatPhysicalDamageMod=55
6631,Rompeavances,https://ddragon.leagueoflegends.com/cdn/16.9.1/img/item/6631.png,,FlatHPPoolMod=450; FlatPhysicalDamageMod=40; PercentAttackSpeedMod=0.25
6632,Cercenador Divino,https://ddragon.leagueoflegends.com/cdn/16.9.1/img/item/6632.png,,FlatHPPoolMod=300; FlatPhysicalDamageMod=40
6653,El Tormento de Liandry,https://ddragon.leagueoflegends.com/cdn/16.9.1/img/item/6653.png,"Cárgalo en combate para infligir una gran cantidad de daño prolongado, en especial contra enemigos resistentes.",FlatHPPoolMod=300; FlatMagicDamageMod=60
6655,Eco de Luden,https://ddragon.leagueoflegends.com/cdn/16.9.1/img/item/6655.png,"Daño súbito alto, útil contra enemigos frágiles.",FlatMPPoolMod=600; FlatMagicDamageMod=100
6656,Hielo Eterno,https://ddragon.leagueoflegends.com/cdn/16.9.1/img/item/6656.png,,FlatMPPoolMod=600; FlatHPPoolMod=250; FlatMagicDamageMod=70
6657,Vara de las Edades,https://ddragon.leagueoflegends.com/cdn/16.9.1/img/item/6657.png,,FlatMPPoolMod=500; FlatHPPoolMod=350; FlatMagicDamageMod=45
6660,Ceniza de Bami,https://ddragon.leagueoflegends.com/cdn/16.9.1/img/item/6660.png,,FlatHPPoolMod=150
6662,Guantelete del Hijo del Hielo,https://ddragon.leagueoflegends.com/cdn/16.9.1/img/item/6662.png,"Resistencia mágica alta. Ralentiza de forma pasiva a los enemigos cercanos. Cuando se lancen hechizos cerca de ti, lanza una ola de energía que inflige daño y ralentiza.",FlatHPPoolMod=300; FlatArmorMod=50
6664,Resplandor Vacío,https://ddragon.leagueoflegends.com/cdn/16.9.1/img/item/6664.png,Inmoviliza a los enemigos para obtener un escudo. Actívalo para correr más rápido hacia los oponentes.,FlatSpellBlockMod=40; FlatHPPoolMod=400
6665,"Jak'Sho, el Proteico",https://ddragon.leagueoflegends.com/cdn/16.9.1/img/item/6665.png,,FlatSpellBlockMod=45; FlatHPPoolMod=350; FlatArmorMod=45
6667,Virtud Radiante,https://ddragon.leagueoflegends.com/cdn/16.9.1/img/item/6667.png,,FlatSpellBlockMod=30; FlatHPPoolMod=350; FlatArmorMod=30
6670,Carcaj de Mediodía,https://ddragon.leagueoflegends.com/cdn/16.9.1/img/item/6670.png,,FlatCritChanceMod=0.2; FlatPhysicalDamageMod=15
6671,Fuerza del Viento,https://ddragon.leagueoflegends.com/cdn/16.9.1/img/item/6671.png,,FlatCritChanceMod=0.2; FlatPhysicalDamageMod=50; PercentAttackSpeedMod=0.15; PercentMovementSpeedMod=0.07
6672,Matakrakens,https://ddragon.leagueoflegends.com/cdn/16.9.1/img/item/6672.png,,FlatPhysicalDamageMod=45; PercentAttackSpeedMod=0.4; PercentMovementSpeedMod=0.04
6673,Arcoescudo Inmortal,https://ddragon.leagueoflegends.com/cdn/16.9.1/img/item/6673.png,,FlatCritChanceMod=0.25; FlatPhysicalDamageMod=55
6675,Cuchilla Rauda de Navori,https://ddragon.leagueoflegends.com/cdn/16.9.1/img/item/6675.png,,FlatCritChanceMod=0.25; PercentAttackSpeedMod=0.4; PercentMovementSpeedMod=0.04
6676,El Coleccionista,https://ddragon.leagueoflegends.com/cdn/16.9.1/img/item/6676.png,,FlatCritChanceMod=0.25; FlatPhysicalDamageMod=50
6677,Cuchillo de Furia,https://ddragon.leagueoflegends.com/cdn/16.9.1/img/item/6677.png,,PercentAttackSpeedMod=0.25
6690,Rectriz,https://ddragon.leagueoflegends.com/cdn/16.9.1/img/item/6690.png,,FlatPhysicalDamageMod=15; PercentMovementSpeedMod=0.04
6691,Hoja Crepuscular de Draktharr,https://ddragon.leagueoflegends.com/cdn/16.9.1/img/item/6691.png,,FlatPhysicalDamageMod=60
6692,Eclipse,https://ddragon.leagueoflegends.com/cdn/16.9.1/img/item/6692.png,,FlatPhysicalDamageMod=60
6693,Garra del Merodeador,https://ddragon.leagueoflegends.com/cdn/16.9.1/img/item/6693.png,,FlatPhysicalDamageMod=55
6694,Rencor de Serylda,https://ddragon.leagueoflegends.com/cdn/16.9.1/img/item/6694.png,,FlatPhysicalDamageMod=45
6695,Colmillo de Serpiente,https://ddragon.leagueoflegends.com/cdn/16.9.1/img/item/6695.png,,FlatPhysicalDamageMod=55
6696,Arco Axiomático,https://ddragon.leagueoflegends.com/cdn/16.9.1/img/item/6696.png,,FlatPhysicalDamageMod=55
6697,Arrogancia,https://ddragon.leagueoflegends.com/cdn/16.9.1/img/item/6697.png,,FlatPhysicalDamageMod=55
6698,Hidra Profana,https://ddragon.leagueoflegends.com/cdn/16.9.1/img/item/6698.png,,FlatPhysicalDamageMod=55
6699,Cicloespada Voltaica,https://ddragon.leagueoflegends.com/cdn/16.9.1/img/item/6699.png,,FlatPhysicalDamageMod=55
6700,Escudo de los Rakkor,https://ddragon.leagueoflegends.com/cdn/16.9.1/img/item/6700.png,,FlatArmorMod=30; FlatPhysicalDamageMod=50; PercentMovementSpeedMod=0.05
6701,Oportunidades,https://ddragon.leagueoflegends.com/cdn/16.9.1/img/item/6701.png,,FlatPhysicalDamageMod=55
6702,Exploración de Avanzada,https://ddragon.leagueoflegends.com/cdn/16.9.1/img/item/6702.png,,
7050,Marcador de Gangplank,https://ddragon.leagueoflegends.com/cdn/16.9.1/img/item/7050.png,¡Próximamente vendrá una nueva interfaz al estilo de Gangplank!,
8001,Cadenas de Anatema,https://ddragon.leagueoflegends.com/cdn/16.9.1/img/item/8001.png,,FlatHPPoolMod=650
8010,Maldición de la Vampiresa,https://ddragon.leagueoflegends.com/cdn/16.9.1/img/item/8010.png,,FlatHPPoolMod=400; FlatMagicDamageMod=65
8020,Máscara Abisal,https://ddragon.leagueoflegends.com/cdn/16.9.1/img/item/8020.png,,FlatSpellBlockMod=45; FlatHPPoolMod=350
9168,Ranura de arma bloqueada,https://ddragon.leagueoflegends.com/cdn/16.9.1/img/item/9168.png,,
9171,Shurikens Ciclónicos,https://ddragon.leagueoflegends.com/cdn/16.9.1/img/item/9171.png,,
9172,Bot Yuumi,https://ddragon.leagueoflegends.com/cdn/16.9.1/img/item/9172.png,,
9173,Campo Radiante,https://ddragon.leagueoflegends.com/cdn/16.9.1/img/item/9173.png,,
9174,Espada de Statikk,https://ddragon.leagueoflegends.com/cdn/16.9.1/img/item/9174.png,,
9175,Lamento de la Leona,https://ddragon.leagueoflegends.com/cdn/16.9.1/img/item/9175.png,,
9176,Rotocañón Conejo,https://ddragon.leagueoflegends.com/cdn/16.9.1/img/item/9176.png,,
9177,Arco Corto Abrasador,https://ddragon.leagueoflegends.com/cdn/16.9.1/img/item/9177.png,,
9178,Annichilatus,https://ddragon.leagueoflegends.com/cdn/16.9.1/img/item/9178.png,,
9179,Ballesta de Conejita Guerrera,https://ddragon.leagueoflegends.com/cdn/16.9.1/img/item/9179.png,,
9180,Bláster UwU,https://ddragon.leagueoflegends.com/cdn/16.9.1/img/item/9180.png,,
9181,Guante del Vórtice,https://ddragon.leagueoflegends.com/cdn/16.9.1/img/item/9181.png,,
9183,Búmespada,https://ddragon.leagueoflegends.com/cdn/16.9.1/img/item/9183.png,,
9184,Estación Orbital Conejo,https://ddragon.leagueoflegends.com/cdn/16.9.1/img/item/9184.png,,
9185,Mina Marina Antitiburones,https://ddragon.leagueoflegends.com/cdn/16.9.1/img/item/9185.png,,
9187,T.I.B.B.E.R.S.,https://ddragon.leagueoflegends.com/cdn/16.9.1/img/item/9187.png,,
9188,C-4nejo,https://ddragon.leagueoflegends.com/cdn/16.9.1/img/item/9188.png,,
9189,El Desarmador,https://ddragon.leagueoflegends.com/cdn/16.9.1/img/item/9189.png,,
9190,Econavajas,https://ddragon.leagueoflegends.com/cdn/16.9.1/img/item/9190.png,,
9192,Envenenacaminos,https://ddragon.leagueoflegends.com/cdn/16.9.1/img/item/9192.png,,
9193,Escarcharmadura,https://ddragon.leagueoflegends.com/cdn/16.9.1/img/item/9193.png,,
9271,Ciclón Incesante,https://ddragon.leagueoflegends.com/cdn/16.9.1/img/item/9271.png,,
9272,YuumiBot_Final_FINAL,https://ddragon.leagueoflegends.com/cdn/16.9.1/img/item/9272.png,,
9273,Abrazo Explosivo,https://ddragon.leagueoflegends.com/cdn/16.9.1/img/item/9273.png,,
9274,Electrogubia de Prumbis,https://ddragon.leagueoflegends.com/cdn/16.9.1/img/item/9274.png,,
9275,Luz Envolvente,https://ddragon.leagueoflegends.com/cdn/16.9.1/img/item/9275.png,,
9276,Rotocañón Conejo Doble,https://ddragon.leagueoflegends.com/cdn/16.9.1/img/item/9276.png,,
9277,Tirabraza Evolucionado,https://ddragon.leagueoflegends.com/cdn/16.9.1/img/item/9277.png,,
9278,Apocalyptus,https://ddragon.leagueoflegends.com/cdn/16.9.1/img/item/9278.png,,
9279,Balista Conejita Suprema,https://ddragon.leagueoflegends.com/cdn/16.9.1/img/item/9279.png,,
9280,Bláster OwO,https://ddragon.leagueoflegends.com/cdn/16.9.1/img/item/9280.png,,
9281,Guantelete de la Tempestad,https://ddragon.leagueoflegends.com/cdn/16.9.1/img/item/9281.png,,
9283,Búmeran Cuádruple,https://ddragon.leagueoflegends.com/cdn/16.9.1/img/item/9283.png,,
9284,Cañón Conejo Cuántico,https://ddragon.leagueoflegends.com/cdn/16.9.1/img/item/9284.png,,
9285,Machacahordas Infinito,https://ddragon.leagueoflegends.com/cdn/16.9.1/img/item/9285.png,,
9287,T.I.B.B.E.R.S. (Modo M.A.C.I.Z.O.),https://ddragon.leagueoflegends.com/cdn/16.9.1/img/item/9287.png,,
9288,Trinamita de Jinx,https://ddragon.leagueoflegends.com/cdn/16.9.1/img/item/9288.png,,
9289,Expreso GG,https://ddragon.leagueoflegends.com/cdn/16.9.1/img/item/9289.png,,
9290,Flechas Cromáticas de Vayne,https://ddragon.leagueoflegends.com/cdn/16.9.1/img/item/9290.png,,
9292,Dispensador VenenOso,https://ddragon.leagueoflegends.com/cdn/16.9.1/img/item/9292.png,,
9293,Congelación Profunda,https://ddragon.leagueoflegends.com/cdn/16.9.1/img/item/9293.png,,
9300,Miau Miau,https://ddragon.leagueoflegends.com/cdn/16.9.1/img/item/9300.png,,
9301,Escudazo,https://ddragon.leagueoflegends.com/cdn/16.9.1/img/item/9301.png,,
9302,Onda Sonora,https://ddragon.leagueoflegends.com/cdn/16.9.1/img/item/9302.png,,
9303,Patada de Tiburón,https://ddragon.leagueoflegends.com/cdn/16.9.1/img/item/9303.png,,
9304,Tempestad de Acero,https://ddragon.leagueoflegends.com/cdn/16.9.1/img/item/9304.png,,
9305,Ataque de Tentáculo,https://ddragon.leagueoflegends.com/cdn/16.9.1/img/item/9305.png,,
9306,Daga Alada,https://ddragon.leagueoflegends.com/cdn/16.9.1/img/item/9306.png,,
9307,Maleficio Guiado,https://ddragon.leagueoflegends.com/cdn/16.9.1/img/item/9307.png,,
9308,Salto de Conejo,https://ddragon.leagueoflegends.com/cdn/16.9.1/img/item/9308.png,,
9400,Salva de Michi Guerrera,https://ddragon.leagueoflegends.com/cdn/16.9.1/img/item/9400.png,,
9401,Luz del León,https://ddragon.leagueoflegends.com/cdn/16.9.1/img/item/9401.png,,
9402,Eco Animalia,https://ddragon.leagueoflegends.com/cdn/16.9.1/img/item/9402.png,,
9403,Corte Salvaje,https://ddragon.leagueoflegends.com/cdn/16.9.1/img/item/9403.png,,
9404,Tormentas Errantes,https://ddragon.leagueoflegends.com/cdn/16.9.1/img/item/9404.png,,
9405,Impacto Grizzly,https://ddragon.leagueoflegends.com/cdn/16.9.1/img/item/9405.png,,
9406,Daga del Amor,https://ddragon.leagueoflegends.com/cdn/16.9.1/img/item/9406.png,,
9407,Maleficio Mejorado,https://ddragon.leagueoflegends.com/cdn/16.9.1/img/item/9407.png,,
9408,Zanahoriazo,https://ddragon.leagueoflegends.com/cdn/16.9.1/img/item/9408.png,,
123430,Rito de Ruina,https://ddragon.leagueoflegends.com/cdn/16.9.1/img/item/123430.png,,FlatMagicDamageMod=55; FlatCritChanceMod=0.25; PercentMovementSpeedMod=0.04
124011,Espada del Amanecer Floreciente,https://ddragon.leagueoflegends.com/cdn/16.9.1/img/item/124011.png,,FlatHPPoolMod=200; FlatMagicDamageMod=45
126697,Arrogancia,https://ddragon.leagueoflegends.com/cdn/16.9.1/img/item/126697.png,,FlatPhysicalDamageMod=55
220000,Estadística adicional,https://ddragon.leagueoflegends.com/cdn/16.9.1/img/item/220000.png,,
220001,Objeto de Peleador Legendario,https://ddragon.leagueoflegends.com/cdn/16.9.1/img/item/220001.png,,
220002,Objeto de Tirador Legendario,https://ddragon.leagueoflegends.com/cdn/16.9.1/img/item/220002.png,,
220003,Objeto de Asesino Legendario,https://ddragon.leagueoflegends.com/cdn/16.9.1/img/item/220003.png,,
220004,Objeto de Mago Legendario,https://ddragon.leagueoflegends.com/cdn/16.9.1/img/item/220004.png,,
220005,Objeto de Tanque Legendario,https://ddragon.leagueoflegends.com/cdn/16.9.1/img/item/220005.png,,
220006,Objeto de Soporte Legendario,https://ddragon.leagueoflegends.com/cdn/16.9.1/img/item/220006.png,,
220007,Objeto Prismático,https://ddragon.leagueoflegends.com/cdn/16.9.1/img/item/220007.png,,
220008,Cupón de Yunques,https://ddragon.leagueoflegends.com/cdn/16.9.1/img/item/220008.png,,
220009,Cupón de Yunque de estadísticas de Oro,https://ddragon.leagueoflegends.com/cdn/16.9.1/img/item/220009.png,,
220010,Cupón de Estadísticas Prismático,https://ddragon.leagueoflegends.com/cdn/16.9.1/img/item/220010.png,,
220011,Cupón de Valentía,https://ddragon.leagueoflegends.com/cdn/16.9.1/img/item/220011.png,,
220012,Espada Fragmentada,https://ddragon.leagueoflegends.com/cdn/16.9.1/img/item/220012.png,,
221011,Cinturón de Gigante,https://ddragon.leagueoflegends.com/cdn/16.9.1/img/item/221011.png,,FlatHPPoolMod=300
221026,Varita Explosiva,https://ddragon.leagueoflegends.com/cdn/16.9.1/img/item/221026.png,,FlatMagicDamageMod=45
221031,Cota de Malla,https://ddragon.leagueoflegends.com/cdn/16.9.1/img/item/221031.png,,FlatArmorMod=40
221038,Espadón,https://ddragon.leagueoflegends.com/cdn/16.9.1/img/item/221038.png,,FlatPhysicalDamageMod=40
221043,Arco Recurvado,https://ddragon.leagueoflegends.com/cdn/16.9.1/img/item/221043.png,,PercentAttackSpeedMod=0.15
221053,Cetro Vampírico,https://ddragon.leagueoflegends.com/cdn/16.9.1/img/item/221053.png,,FlatPhysicalDamageMod=15; PercentLifeStealMod=0.07
221057,Capa de Negatrones,https://ddragon.leagueoflegends.com/cdn/16.9.1/img/item/221057.png,,FlatSpellBlockMod=30
221058,Vara Innecesariamente Grande,https://ddragon.leagueoflegends.com/cdn/16.9.1/img/item/221058.png,,FlatMagicDamageMod=120
222022,Mena Brillante,https://ddragon.leagueoflegends.com/cdn/16.9.1/img/item/222022.png,,
222051,Cuerno del Guardián,https://ddragon.leagueoflegends.com/cdn/16.9.1/img/item/222051.png,,FlatHPPoolMod=300; FlatHPRegenMod=4
222065,Canto de Guerra de Shurelya,https://ddragon.leagueoflegends.com/cdn/16.9.1/img/item/222065.png,,FlatMagicDamageMod=55; PercentMovementSpeedMod=0.06
222141,Juguito de Gorrito,https://ddragon.leagueoflegends.com/cdn/16.9.1/img/item/222141.png,,
222502,Desesperación Eterna,https://ddragon.leagueoflegends.com/cdn/16.9.1/img/item/222502.png,,FlatHPPoolMod=350; FlatArmorMod=50
222503,Antorcha de Fuegoscuro,https://ddragon.leagueoflegends.com/cdn/16.9.1/img/item/222503.png,,FlatMPPoolMod=600; FlatMagicDamageMod=60
222504,Rukerno Kaénico,https://ddragon.leagueoflegends.com/cdn/16.9.1/img/item/222504.png,,FlatSpellBlockMod=80; FlatHPPoolMod=350
222510,Ocaso y Alba,https://ddragon.leagueoflegends.com/cdn/16.9.1/img/item/222510.png,,FlatHPPoolMod=300; FlatMagicDamageMod=60; PercentAttackSpeedMod=0.2
222512,Proyectiles Cazademonios,https://ddragon.leagueoflegends.com/cdn/16.9.1/img/item/222512.png,,FlatCritChanceMod=0.25; PercentAttackSpeedMod=0.4; PercentMovementSpeedMod=0.04
222517,Hambre Infinita,https://ddragon.leagueoflegends.com/cdn/16.9.1/img/item/222517.png,,FlatPhysicalDamageMod=60
222522,Actualizador,https://ddragon.leagueoflegends.com/cdn/16.9.1/img/item/222522.png,,FlatMPPoolMod=300; FlatMagicDamageMod=90
222523,Hexóptica C44,https://ddragon.leagueoflegends.com/cdn/16.9.1/img/item/222523.png,,FlatCritChanceMod=0.25; FlatPhysicalDamageMod=50
222524,Flautas de Bandle,https://ddragon.leagueoflegends.com/cdn/16.9.1/img/item/222524.png,,FlatSpellBlockMod=25; FlatHPPoolMod=200; FlatArmorMod=25
222525,Arnés de Protoplasma,https://ddragon.leagueoflegends.com/cdn/16.9.1/img/item/222525.png,,FlatHPPoolMod=600
222526,Tiara Susurrante,https://ddragon.leagueoflegends.com/cdn/16.9.1/img/item/222526.png,,FlatMPPoolMod=300; FlatHPPoolMod=200
222530,Diadema Musical,https://ddragon.leagueoflegends.com/cdn/16.9.1/img/item/222530.png,,FlatMPPoolMod=1000; FlatHPPoolMod=200
223001,Manto del Ocaso,https://ddragon.leagueoflegends.com/cdn/16.9.1/img/item/223001.png,,FlatSpellBlockMod=30; FlatHPPoolMod=200; FlatArmorMod=30
223002,Abrecaminos,https://ddragon.leagueoflegends.com/cdn/16.9.1/img/item/223002.png,,FlatHPPoolMod=300; FlatArmorMod=45; PercentMovementSpeedMod=0.06
223003,Báculo del Arcángel,https://ddragon.leagueoflegends.com/cdn/16.9.1/img/item/223003.png,,FlatMPPoolMod=600; FlatMagicDamageMod=55
223004,Manamune,https://ddragon.leagueoflegends.com/cdn/16.9.1/img/item/223004.png,,FlatMPPoolMod=600; FlatPhysicalDamageMod=40
223005,Ghostcrawlers,https://ddragon.leagueoflegends.com/cdn/16.9.1/img/item/223005.png,,FlatMovementSpeedMod=70
223006,Grebas del Berserker,https://ddragon.leagueoflegends.com/cdn/16.9.1/img/item/223006.png,,FlatMovementSpeedMod=55; PercentAttackSpeedMod=0.35
223008,Grebas Glotonas,https://ddragon.leagueoflegends.com/cdn/16.9.1/img/item/223008.png,,FlatMovementSpeedMod=45
223009,Botas de Rapidez,https://ddragon.leagueoflegends.com/cdn/16.9.1/img/item/223009.png,,FlatMovementSpeedMod=70
223011,Putrificador Quimtech,https://ddragon.leagueoflegends.com/cdn/16.9.1/img/item/223011.png,,FlatMagicDamageMod=35
223020,Botas del Hechicero,https://ddragon.leagueoflegends.com/cdn/16.9.1/img/item/223020.png,,FlatMovementSpeedMod=55
223026,Ángel Guardián,https://ddragon.leagueoflegends.com/cdn/16.9.1/img/item/223026.png,,FlatArmorMod=45; FlatPhysicalDamageMod=55
223031,Filo del Infinito,https://ddragon.leagueoflegends.com/cdn/16.9.1/img/item/223031.png,,FlatCritChanceMod=0.25; FlatPhysicalDamageMod=55
223032,Flechas Salvajes de Yun Tal,https://ddragon.leagueoflegends.com/cdn/16.9.1/img/item/223032.png,,FlatPhysicalDamageMod=45; PercentAttackSpeedMod=0.4
223033,Recordatorio Mortal,https://ddragon.leagueoflegends.com/cdn/16.9.1/img/item/223033.png,,FlatCritChanceMod=0.25; FlatPhysicalDamageMod=30
223036,Recuerdos de Lord Dominik,https://ddragon.leagueoflegends.com/cdn/16.9.1/img/item/223036.png,,FlatCritChanceMod=0.25; FlatPhysicalDamageMod=30
223039,Juicio de Atma,https://ddragon.leagueoflegends.com/cdn/16.9.1/img/item/223039.png,,FlatHPPoolMod=700; FlatCritChanceMod=0.2
223040,Abrazo del Serafín,https://ddragon.leagueoflegends.com/cdn/16.9.1/img/item/223040.png,,FlatMPPoolMod=1200; FlatMagicDamageMod=60
223042,Muramaná,https://ddragon.leagueoflegends.com/cdn/16.9.1/img/item/223042.png,,FlatMPPoolMod=1000; FlatPhysicalDamageMod=40
223046,Bailarín Espectral,https://ddragon.leagueoflegends.com/cdn/16.9.1/img/item/223046.png,,FlatCritChanceMod=0.25; PercentAttackSpeedMod=0.6; PercentMovementSpeedMod=0.08
223047,Punteras de Acero Revestidas,https://ddragon.leagueoflegends.com/cdn/16.9.1/img/item/223047.png,,FlatMovementSpeedMod=30; FlatArmorMod=25
223050,Convergencia de Zeke,https://ddragon.leagueoflegends.com/cdn/16.9.1/img/item/223050.png,,FlatSpellBlockMod=30; FlatHPPoolMod=300; FlatArmorMod=25
223053,Guantelete de Sterak,https://ddragon.leagueoflegends.com/cdn/16.9.1/img/item/223053.png,,FlatHPPoolMod=300
223057,Brillo,https://ddragon.leagueoflegends.com/cdn/16.9.1/img/item/223057.png,,
223065,Apariencia Espiritual,https://ddragon.leagueoflegends.com/cdn/16.9.1/img/item/223065.png,,FlatSpellBlockMod=40; FlatHPPoolMod=300
223067,Gemaluz,https://ddragon.leagueoflegends.com/cdn/16.9.1/img/item/223067.png,,FlatHPPoolMod=200
223068,Égida de Fuego Solar,https://ddragon.leagueoflegends.com/cdn/16.9.1/img/item/223068.png,,FlatHPPoolMod=350; FlatArmorMod=40
223069,Inmolación del Vacío,https://ddragon.leagueoflegends.com/cdn/16.9.1/img/item/223069.png,,FlatSpellBlockMod=80; FlatHPPoolMod=1000; FlatArmorMod=100
223071,Cuchilla Oscura,https://ddragon.leagueoflegends.com/cdn/16.9.1/img/item/223071.png,,FlatHPPoolMod=350; FlatPhysicalDamageMod=40
223072,La Sanguinaria,https://ddragon.leagueoflegends.com/cdn/16.9.1/img/item/223072.png,,FlatPhysicalDamageMod=70; PercentLifeStealMod=0.18
223073,Placa Hexperimental,https://ddragon.leagueoflegends.com/cdn/16.9.1/img/item/223073.png,,FlatHPPoolMod=450; FlatPhysicalDamageMod=40; PercentAttackSpeedMod=0.3
223074,Hidra Voraz,https://ddragon.leagueoflegends.com/cdn/16.9.1/img/item/223074.png,,FlatPhysicalDamageMod=70; PercentLifeStealMod=0.15
223075,Cota de Espinas,https://ddragon.leagueoflegends.com/cdn/16.9.1/img/item/223075.png,,FlatHPPoolMod=300; FlatArmorMod=60
223078,Fuerza de la Trinidad,https://ddragon.leagueoflegends.com/cdn/16.9.1/img/item/223078.png,,FlatHPPoolMod=333; FlatPhysicalDamageMod=35; PercentAttackSpeedMod=0.25
223084,Corazón de Acero,https://ddragon.leagueoflegends.com/cdn/16.9.1/img/item/223084.png,,FlatHPPoolMod=700
223085,Huracán de Runaan,https://ddragon.leagueoflegends.com/cdn/16.9.1/img/item/223085.png,,FlatCritChanceMod=0.25; PercentAttackSpeedMod=0.45; PercentMovementSpeedMod=0.04
223087,Daga de Statikk,https://ddragon.leagueoflegends.com/cdn/16.9.1/img/item/223087.png,,FlatMagicDamageMod=45; FlatPhysicalDamageMod=40; PercentAttackSpeedMod=0.3; PercentMovementSpeedMod=0.04
223089,Sombrero Mortífero de Rabadon,https://ddragon.leagueoflegends.com/cdn/16.9.1/img/item/223089.png,,FlatMagicDamageMod=65
223091,Al Filo de la Cordura,https://ddragon.leagueoflegends.com/cdn/16.9.1/img/item/223091.png,,FlatSpellBlockMod=40; PercentAttackSpeedMod=0.5
223094,Cañón de Fuego Rápido,https://ddragon.leagueoflegends.com/cdn/16.9.1/img/item/223094.png,,FlatCritChanceMod=0.25; PercentAttackSpeedMod=0.3; PercentMovementSpeedMod=0.04
223095,Filo de la Tormenta,https://ddragon.leagueoflegends.com/cdn/16.9.1/img/item/223095.png,,FlatCritChanceMod=0.25; FlatPhysicalDamageMod=50; PercentAttackSpeedMod=0.2
223100,Maldición del Liche,https://ddragon.leagueoflegends.com/cdn/16.9.1/img/item/223100.png,,FlatMagicDamageMod=80; PercentMovementSpeedMod=0.1
223102,Velo de la Banshee,https://ddragon.leagueoflegends.com/cdn/16.9.1/img/item/223102.png,,FlatSpellBlockMod=40; FlatMagicDamageMod=80
223105,Égida de la Legión,https://ddragon.leagueoflegends.com/cdn/16.9.1/img/item/223105.png,,FlatSpellBlockMod=30; FlatArmorMod=30
223107,Redención,https://ddragon.leagueoflegends.com/cdn/16.9.1/img/item/223107.png,,FlatMagicDamageMod=30
223109,Promesa del Caballero,https://ddragon.leagueoflegends.com/cdn/16.9.1/img/item/223109.png,,FlatHPPoolMod=400; FlatArmorMod=50
223110,Corazón de Hielo,https://ddragon.leagueoflegends.com/cdn/16.9.1/img/item/223110.png,,FlatMPPoolMod=450; FlatArmorMod=90
223111,Botas de Mercurio,https://ddragon.leagueoflegends.com/cdn/16.9.1/img/item/223111.png,,FlatSpellBlockMod=30; FlatMovementSpeedMod=30
223112,Orbe del Guardián,https://ddragon.leagueoflegends.com/cdn/16.9.1/img/item/223112.png,,FlatMagicDamageMod=55
223115,Diente de Nashor,https://ddragon.leagueoflegends.com/cdn/16.9.1/img/item/223115.png,,FlatMagicDamageMod=70; PercentAttackSpeedMod=0.45
223116,Cetro de Cristal de Rylai,https://ddragon.leagueoflegends.com/cdn/16.9.1/img/item/223116.png,,FlatHPPoolMod=350; FlatMagicDamageMod=60
223118,Maldad,https://ddragon.leagueoflegends.com/cdn/16.9.1/img/item/223118.png,,FlatMPPoolMod=600; FlatMagicDamageMod=70
223119,Umbral del Invierno,https://ddragon.leagueoflegends.com/cdn/16.9.1/img/item/223119.png,,FlatMPPoolMod=600; FlatHPPoolMod=400
223121,Invierno Nórdico,https://ddragon.leagueoflegends.com/cdn/16.9.1/img/item/223121.png,,FlatMPPoolMod=1000; FlatHPPoolMod=400
223124,Espadafuria de Guinsoo,https://ddragon.leagueoflegends.com/cdn/16.9.1/img/item/223124.png,,FlatMagicDamageMod=25; FlatPhysicalDamageMod=20; PercentAttackSpeedMod=0.25
223135,Báculo del Vacío,https://ddragon.leagueoflegends.com/cdn/16.9.1/img/item/223135.png,,FlatMagicDamageMod=65
223137,Criptorretoño,https://ddragon.leagueoflegends.com/cdn/16.9.1/img/item/223137.png,,FlatMagicDamageMod=60
223139,Cimitarra Mercurial,https://ddragon.leagueoflegends.com/cdn/16.9.1/img/item/223139.png,,FlatSpellBlockMod=40; FlatPhysicalDamageMod=45; PercentLifeStealMod=0.1
223142,Espada Fantasma de Youmuu,https://ddragon.leagueoflegends.com/cdn/16.9.1/img/item/223142.png,,FlatPhysicalDamageMod=55; PercentMovementSpeedMod=0.04
223143,Presagio de Randuin,https://ddragon.leagueoflegends.com/cdn/16.9.1/img/item/223143.png,,FlatHPPoolMod=300; FlatArmorMod=75
223146,Sablepistola Hextech,https://ddragon.leagueoflegends.com/cdn/16.9.1/img/item/223146.png,,FlatMagicDamageMod=90; FlatPhysicalDamageMod=45
223152,Cinturón Cohete Hextech,https://ddragon.leagueoflegends.com/cdn/16.9.1/img/item/223152.png,,FlatHPPoolMod=400; FlatMagicDamageMod=95
223153,Espada del Rey Arruinado,https://ddragon.leagueoflegends.com/cdn/16.9.1/img/item/223153.png,,FlatPhysicalDamageMod=30; PercentAttackSpeedMod=0.2; PercentLifeStealMod=0.1
223156,Fauces de Malmortius,https://ddragon.leagueoflegends.com/cdn/16.9.1/img/item/223156.png,,FlatSpellBlockMod=40; FlatPhysicalDamageMod=50
223157,Reloj de Arena de Zhonya,https://ddragon.leagueoflegends.com/cdn/16.9.1/img/item/223157.png,,FlatMagicDamageMod=80; FlatArmorMod=50
223158,Botas Jonias de la Lucidez,https://ddragon.leagueoflegends.com/cdn/16.9.1/img/item/223158.png,,FlatMovementSpeedMod=45
223161,Lanza de Shojin,https://ddragon.leagueoflegends.com/cdn/16.9.1/img/item/223161.png,,FlatHPPoolMod=350; FlatPhysicalDamageMod=40
223165,Morellonomicón,https://ddragon.leagueoflegends.com/cdn/16.9.1/img/item/223165.png,,FlatHPPoolMod=250; FlatMagicDamageMod=90
223172,Céfiro,https://ddragon.leagueoflegends.com/cdn/16.9.1/img/item/223172.png,,PercentAttackSpeedMod=0.5; PercentMovementSpeedMod=0.1
223177,Espada del Guardián,https://ddragon.leagueoflegends.com/cdn/16.9.1/img/item/223177.png,,FlatHPPoolMod=250; FlatPhysicalDamageMod=25
223181,Rompecascos,https://ddragon.leagueoflegends.com/cdn/16.9.1/img/item/223181.png,,FlatHPPoolMod=500; FlatPhysicalDamageMod=40; PercentMovementSpeedMod=0.04
223184,Martillo del Guardián,https://ddragon.leagueoflegends.com/cdn/16.9.1/img/item/223184.png,,FlatPhysicalDamageMod=25; PercentAttackSpeedMod=0.35; PercentLifeStealMod=0.05
223185,Daga del Guardián,https://ddragon.leagueoflegends.com/cdn/16.9.1/img/item/223185.png,,FlatPhysicalDamageMod=25
223190,Relicario de los Solari de Hierro,https://ddragon.leagueoflegends.com/cdn/16.9.1/img/item/223190.png,,FlatSpellBlockMod=35; FlatHPPoolMod=400; FlatArmorMod=25
223193,Armadura Pétrea,https://ddragon.leagueoflegends.com/cdn/16.9.1/img/item/223193.png,,FlatSpellBlockMod=60; FlatArmorMod=60
223222,Bendición de Mikael,https://ddragon.leagueoflegends.com/cdn/16.9.1/img/item/223222.png,,FlatHPPoolMod=400
223302,Terminus,https://ddragon.leagueoflegends.com/cdn/16.9.1/img/item/223302.png,,FlatPhysicalDamageMod=30; PercentAttackSpeedMod=0.25
223504,Pebetero Ardiente,https://ddragon.leagueoflegends.com/cdn/16.9.1/img/item/223504.png,,FlatMagicDamageMod=40; PercentMovementSpeedMod=0.06
223508,Saqueador de Esencias,https://ddragon.leagueoflegends.com/cdn/16.9.1/img/item/223508.png,,FlatCritChanceMod=0.25; FlatPhysicalDamageMod=50
223742,Placa del Hombre Muerto,https://ddragon.leagueoflegends.com/cdn/16.9.1/img/item/223742.png,,FlatHPPoolMod=300; FlatArmorMod=40; PercentMovementSpeedMod=0.07
223748,Hidra Titánica,https://ddragon.leagueoflegends.com/cdn/16.9.1/img/item/223748.png,,FlatHPPoolMod=400; FlatPhysicalDamageMod=40
223814,Filo de la Noche,https://ddragon.leagueoflegends.com/cdn/16.9.1/img/item/223814.png,,FlatHPPoolMod=375; FlatPhysicalDamageMod=45
224004,Sable Espectral,https://ddragon.leagueoflegends.com/cdn/16.9.1/img/item/224004.png,,FlatPhysicalDamageMod=55
224005,Mandato Imperial,https://ddragon.leagueoflegends.com/cdn/16.9.1/img/item/224005.png,,FlatMagicDamageMod=60
224401,Fuerza de la Naturaleza,https://ddragon.leagueoflegends.com/cdn/16.9.1/img/item/224401.png,,FlatSpellBlockMod=50; FlatHPPoolMod=400; PercentMovementSpeedMod=0.04
224403,La Espátula Dorada,https://ddragon.leagueoflegends.com/cdn/16.9.1/img/item/224403.png,,FlatSpellBlockMod=30; FlatMPPoolMod=250; FlatHPPoolMod=250; FlatMagicDamageMod=125; FlatArmorMod=30; FlatCritChanceMod=0.25; FlatPhysicalDamageMod=90; PercentAttackSpeedMod=0.6; PercentMovementSpeedMod=0.1
224628,Enfoque al Horizonte,https://ddragon.leagueoflegends.com/cdn/16.9.1/img/item/224628.png,,FlatMagicDamageMod=90
224629,Impulso Cósmico,https://ddragon.leagueoflegends.com/cdn/16.9.1/img/item/224629.png,,FlatHPPoolMod=350; FlatMagicDamageMod=65; PercentMovementSpeedMod=0.04
224633,Agrietador,https://ddragon.leagueoflegends.com/cdn/16.9.1/img/item/224633.png,,FlatHPPoolMod=350; FlatMagicDamageMod=60
224636,Cosechador Nocturno,https://ddragon.leagueoflegends.com/cdn/16.9.1/img/item/224636.png,,FlatHPPoolMod=300; FlatMagicDamageMod=90
224637,Abrazo Demoníaco,https://ddragon.leagueoflegends.com/cdn/16.9.1/img/item/224637.png,,FlatHPPoolMod=350; FlatMagicDamageMod=75
224644,Corona de la Reina Fragmentada,https://ddragon.leagueoflegends.com/cdn/16.9.1/img/item/224644.png,,FlatMPPoolMod=600; FlatHPPoolMod=250; FlatMagicDamageMod=85
224645,Lumbría,https://ddragon.leagueoflegends.com/cdn/16.9.1/img/item/224645.png,,FlatMagicDamageMod=90
224646,Descarga Tormentosa,https://ddragon.leagueoflegends.com/cdn/16.9.1/img/item/224646.png,,FlatMagicDamageMod=90; PercentMovementSpeedMod=0.04
226035,Amanecer Plateado,https://ddragon.leagueoflegends.com/cdn/16.9.1/img/item/226035.png,,FlatSpellBlockMod=40; FlatHPPoolMod=300; FlatPhysicalDamageMod=40
226333,Danza de la Muerte,https://ddragon.leagueoflegends.com/cdn/16.9.1/img/item/226333.png,,FlatArmorMod=45; FlatPhysicalDamageMod=60
226609,Sierraespada Quimpunk,https://ddragon.leagueoflegends.com/cdn/16.9.1/img/item/226609.png,,FlatHPPoolMod=450; FlatPhysicalDamageMod=45
226610,Cielo Desgarrado,https://ddragon.leagueoflegends.com/cdn/16.9.1/img/item/226610.png,,FlatHPPoolMod=350; FlatPhysicalDamageMod=40
226616,Báculo de Agua Fluyente,https://ddragon.leagueoflegends.com/cdn/16.9.1/img/item/226616.png,,FlatMagicDamageMod=65
226617,Renovador de Piedra Lunar,https://ddragon.leagueoflegends.com/cdn/16.9.1/img/item/226617.png,,FlatHPPoolMod=200; FlatMagicDamageMod=35
226620,Ecos de Helia,https://ddragon.leagueoflegends.com/cdn/16.9.1/img/item/226620.png,,FlatHPPoolMod=300; FlatMagicDamageMod=40
226621,Esfera del Amanecer,https://ddragon.leagueoflegends.com/cdn/16.9.1/img/item/226621.png,,FlatMagicDamageMod=45
226630,Bebedor de Sangre,https://ddragon.leagueoflegends.com/cdn/16.9.1/img/item/226630.png,,FlatHPPoolMod=400; FlatPhysicalDamageMod=55
226631,Rompeavances,https://ddragon.leagueoflegends.com/cdn/16.9.1/img/item/226631.png,,FlatHPPoolMod=375; FlatPhysicalDamageMod=40; PercentAttackSpeedMod=0.15
226632,Cercenador Divino,https://ddragon.leagueoflegends.com/cdn/16.9.1/img/item/226632.png,,FlatHPPoolMod=300; FlatPhysicalDamageMod=40
226653,Angustia de Liandry,https://ddragon.leagueoflegends.com/cdn/16.9.1/img/item/226653.png,,FlatHPPoolMod=250; FlatMagicDamageMod=50
226655,Eco de Luden,https://ddragon.leagueoflegends.com/cdn/16.9.1/img/item/226655.png,,FlatMPPoolMod=600; FlatMagicDamageMod=85
226656,Hielo Eterno,https://ddragon.leagueoflegends.com/cdn/16.9.1/img/item/226656.png,,FlatMPPoolMod=600; FlatHPPoolMod=250; FlatMagicDamageMod=70
226657,Vara de las Edades,https://ddragon.leagueoflegends.com/cdn/16.9.1/img/item/226657.png,,FlatMPPoolMod=300; FlatHPPoolMod=350; FlatMagicDamageMod=60
226660,Ceniza de Bami,https://ddragon.leagueoflegends.com/cdn/16.9.1/img/item/226660.png,,FlatHPPoolMod=150
226662,Guantelete del Hijo del Hielo,https://ddragon.leagueoflegends.com/cdn/16.9.1/img/item/226662.png,,FlatHPPoolMod=300; FlatArmorMod=45
226664,Resplandor Vacío,https://ddragon.leagueoflegends.com/cdn/16.9.1/img/item/226664.png,,FlatSpellBlockMod=40; FlatHPPoolMod=450
226665,"Jak'Sho, el Proteico",https://ddragon.leagueoflegends.com/cdn/16.9.1/img/item/226665.png,,FlatSpellBlockMod=35; FlatHPPoolMod=350; FlatArmorMod=35
226667,Virtud Radiante,https://ddragon.leagueoflegends.com/cdn/16.9.1/img/item/226667.png,,FlatSpellBlockMod=30; FlatHPPoolMod=350; FlatArmorMod=30
226671,Fuerza del Viento,https://ddragon.leagueoflegends.com/cdn/16.9.1/img/item/226671.png,,FlatCritChanceMod=0.2; FlatPhysicalDamageMod=50; PercentAttackSpeedMod=0.15; PercentMovementSpeedMod=0.07
226672,Matakrakens,https://ddragon.leagueoflegends.com/cdn/16.9.1/img/item/226672.png,,FlatPhysicalDamageMod=40; PercentAttackSpeedMod=0.35; PercentMovementSpeedMod=0.07
226673,Arcoescudo Inmortal,https://ddragon.leagueoflegends.com/cdn/16.9.1/img/item/226673.png,,FlatCritChanceMod=0.25; FlatPhysicalDamageMod=55
226675,Cuchillas Raudas de Navori,https://ddragon.leagueoflegends.com/cdn/16.9.1/img/item/226675.png,,FlatCritChanceMod=0.25; PercentAttackSpeedMod=0.35; PercentMovementSpeedMod=0.04
226676,El Coleccionista,https://ddragon.leagueoflegends.com/cdn/16.9.1/img/item/226676.png,,FlatCritChanceMod=0.25; FlatPhysicalDamageMod=45
226691,Hoja Crepuscular de Draktharr,https://ddragon.leagueoflegends.com/cdn/16.9.1/img/item/226691.png,,FlatPhysicalDamageMod=60
226692,Eclipse,https://ddragon.leagueoflegends.com/cdn/16.9.1/img/item/226692.png,,FlatPhysicalDamageMod=50
226693,Garra del Merodeador,https://ddragon.leagueoflegends.com/cdn/16.9.1/img/item/226693.png,,FlatPhysicalDamageMod=55
226694,Rencor de Serylda,https://ddragon.leagueoflegends.com/cdn/16.9.1/img/item/226694.png,,FlatPhysicalDamageMod=40
226695,Colmillo de Serpiente,https://ddragon.leagueoflegends.com/cdn/16.9.1/img/item/226695.png,,FlatPhysicalDamageMod=55
226696,Arco Axiomático,https://ddragon.leagueoflegends.com/cdn/16.9.1/img/item/226696.png,,FlatPhysicalDamageMod=45
226697,Arrogancia,https://ddragon.leagueoflegends.com/cdn/16.9.1/img/item/226697.png,,FlatPhysicalDamageMod=50
226698,Hidra Profana,https://ddragon.leagueoflegends.com/cdn/16.9.1/img/item/226698.png,,FlatPhysicalDamageMod=50
226699,Cicloespada Voltaica,https://ddragon.leagueoflegends.com/cdn/16.9.1/img/item/226699.png,,FlatPhysicalDamageMod=50
226701,Oportunidad,https://ddragon.leagueoflegends.com/cdn/16.9.1/img/item/226701.png,,FlatPhysicalDamageMod=50
228001,Cadenas de Anatema,https://ddragon.leagueoflegends.com/cdn/16.9.1/img/item/228001.png,,FlatHPPoolMod=650
228002,Sombrero de Wooglet,https://ddragon.leagueoflegends.com/cdn/16.9.1/img/item/228002.png,,FlatMagicDamageMod=300; FlatArmorMod=50
228003,Filo de la muerte,https://ddragon.leagueoflegends.com/cdn/16.9.1/img/item/228003.png,,FlatCritChanceMod=0.2; FlatPhysicalDamageMod=150
228004,Yelmo Adaptable,https://ddragon.leagueoflegends.com/cdn/16.9.1/img/item/228004.png,,FlatSpellBlockMod=100; FlatHPPoolMod=800; FlatArmorMod=50; PercentMovementSpeedMod=0.05
228005,Cuchilla de Obsidiana,https://ddragon.leagueoflegends.com/cdn/16.9.1/img/item/228005.png,,FlatHPPoolMod=700; FlatPhysicalDamageMod=70
228006,Hoja Carmesí,https://ddragon.leagueoflegends.com/cdn/16.9.1/img/item/228006.png,,FlatPhysicalDamageMod=130; PercentAttackSpeedMod=0.4; PercentLifeStealMod=0.3
228008,Hoja Rúnica,https://ddragon.leagueoflegends.com/cdn/16.9.1/img/item/228008.png,,FlatHPPoolMod=600; FlatMagicDamageMod=85; FlatArmorMod=50; FlatCritChanceMod=0.2; FlatPhysicalDamageMod=65; PercentAttackSpeedMod=0.3; PercentMovementSpeedMod=0.1
228009,Multiherramienta,https://ddragon.leagueoflegends.com/cdn/16.9.1/img/item/228009.png,,
228020,Máscara Abisal,https://ddragon.leagueoflegends.com/cdn/16.9.1/img/item/228020.png,,FlatSpellBlockMod=50; FlatHPPoolMod=350
322065,Canto de Guerra de Shurelya,https://ddragon.leagueoflegends.com/cdn/16.9.1/img/item/322065.png,,FlatMagicDamageMod=65; PercentMovementSpeedMod=0.06
322526,Tiara Susurrante,https://ddragon.leagueoflegends.com/cdn/16.9.1/img/item/322526.png,,FlatMPPoolMod=300; FlatHPPoolMod=200
322530,Diadema Musical,https://ddragon.leagueoflegends.com/cdn/16.9.1/img/item/322530.png,,FlatMPPoolMod=1000; FlatHPPoolMod=200
323002,Abrecaminos,https://ddragon.leagueoflegends.com/cdn/16.9.1/img/item/323002.png,,FlatHPPoolMod=300; FlatArmorMod=45; PercentMovementSpeedMod=0.06
323003,Báculo del Arcángel,https://ddragon.leagueoflegends.com/cdn/16.9.1/img/item/323003.png,,FlatMPPoolMod=600; FlatMagicDamageMod=70
323004,Manamune,https://ddragon.leagueoflegends.com/cdn/16.9.1/img/item/323004.png,,FlatMPPoolMod=500; FlatPhysicalDamageMod=35
323040,Abrazo del Serafín,https://ddragon.leagueoflegends.com/cdn/16.9.1/img/item/323040.png,,FlatMPPoolMod=1000; FlatMagicDamageMod=70
323042,Muramaná,https://ddragon.leagueoflegends.com/cdn/16.9.1/img/item/323042.png,,FlatMPPoolMod=1000; FlatPhysicalDamageMod=35
323050,Convergencia de Zeke,https://ddragon.leagueoflegends.com/cdn/16.9.1/img/item/323050.png,,FlatSpellBlockMod=30; FlatHPPoolMod=350; FlatArmorMod=30
323070,Lágrima de la Diosa,https://ddragon.leagueoflegends.com/cdn/16.9.1/img/item/323070.png,,FlatMPPoolMod=240
323075,Cota de Espinas,https://ddragon.leagueoflegends.com/cdn/16.9.1/img/item/323075.png,,FlatHPPoolMod=200; FlatArmorMod=85
323107,Redención,https://ddragon.leagueoflegends.com/cdn/16.9.1/img/item/323107.png,,FlatHPPoolMod=400; FlatMagicDamageMod=30
323109,Promesa del Caballero,https://ddragon.leagueoflegends.com/cdn/16.9.1/img/item/323109.png,,FlatHPPoolMod=300; FlatArmorMod=50
323110,Corazón de Hielo,https://ddragon.leagueoflegends.com/cdn/16.9.1/img/item/323110.png,,FlatMPPoolMod=500; FlatArmorMod=75
323119,Umbral del Invierno,https://ddragon.leagueoflegends.com/cdn/16.9.1/img/item/323119.png,,FlatMPPoolMod=500; FlatHPPoolMod=550
323121,Invierno Nórdico,https://ddragon.leagueoflegends.com/cdn/16.9.1/img/item/323121.png,,FlatMPPoolMod=1000; FlatHPPoolMod=550
323190,Relicario de los Solari de Hierro,https://ddragon.leagueoflegends.com/cdn/16.9.1/img/item/323190.png,,FlatSpellBlockMod=30; FlatHPPoolMod=250; FlatArmorMod=30
323222,Bendición de Mikael,https://ddragon.leagueoflegends.com/cdn/16.9.1/img/item/323222.png,,FlatHPPoolMod=400
323504,Pebetero Ardiente,https://ddragon.leagueoflegends.com/cdn/16.9.1/img/item/323504.png,,FlatMagicDamageMod=55; PercentMovementSpeedMod=0.06
324005,Mandato Imperial,https://ddragon.leagueoflegends.com/cdn/16.9.1/img/item/324005.png,,FlatMagicDamageMod=65
326616,Báculo de Agua Fluyente,https://ddragon.leagueoflegends.com/cdn/16.9.1/img/item/326616.png,,FlatMagicDamageMod=45
326617,Renovador de Piedra Lunar,https://ddragon.leagueoflegends.com/cdn/16.9.1/img/item/326617.png,,FlatHPPoolMod=400; FlatMagicDamageMod=35
326620,Ecos de Helia,https://ddragon.leagueoflegends.com/cdn/16.9.1/img/item/326620.png,,FlatHPPoolMod=250; FlatMagicDamageMod=35
326621,Esfera del Amanecer,https://ddragon.leagueoflegends.com/cdn/16.9.1/img/item/326621.png,,FlatMagicDamageMod=50
326657,Vara de las Edades,https://ddragon.leagueoflegends.com/cdn/16.9.1/img/item/326657.png,,FlatMPPoolMod=500; FlatHPPoolMod=350; FlatMagicDamageMod=45
328020,Máscara Abisal,https://ddragon.leagueoflegends.com/cdn/16.9.1/img/item/328020.png,,FlatSpellBlockMod=50; FlatHPPoolMod=350
443054,Garras de Acero Oscuro,https://ddragon.leagueoflegends.com/cdn/16.9.1/img/item/443054.png,,FlatArmorMod=55; PercentAttackSpeedMod=0.5; PercentMovementSpeedMod=0.05
443055,Fulminación,https://ddragon.leagueoflegends.com/cdn/16.9.1/img/item/443055.png,,FlatPhysicalDamageMod=55; PercentAttackSpeedMod=0.45; PercentMovementSpeedMod=0.15
443056,La Corona del Rey Demonio,https://ddragon.leagueoflegends.com/cdn/16.9.1/img/item/443056.png,,
443058,Escudo de Roca Fundida,https://ddragon.leagueoflegends.com/cdn/16.9.1/img/item/443058.png,,FlatHPPoolMod=300; FlatArmorMod=100
443059,Manto de la Noche Estrellada,https://ddragon.leagueoflegends.com/cdn/16.9.1/img/item/443059.png,,FlatSpellBlockMod=100; FlatHPPoolMod=300
443060,Espada de los Dioses,https://ddragon.leagueoflegends.com/cdn/16.9.1/img/item/443060.png,,FlatCritChanceMod=0.5
443061,Fuerza de la Entropía,https://ddragon.leagueoflegends.com/cdn/16.9.1/img/item/443061.png,,FlatHPPoolMod=900; FlatCritChanceMod=0.25
443062,Regalo Sanguinario,https://ddragon.leagueoflegends.com/cdn/16.9.1/img/item/443062.png,,FlatMagicDamageMod=80
443063,Milagro de Eleisa,https://ddragon.leagueoflegends.com/cdn/16.9.1/img/item/443063.png,,FlatSpellBlockMod=50; FlatArmorMod=50
443064,Talismán de Ascensión,https://ddragon.leagueoflegends.com/cdn/16.9.1/img/item/443064.png,,
443069,Anulador,https://ddragon.leagueoflegends.com/cdn/16.9.1/img/item/443069.png,,FlatCritChanceMod=0.25; FlatPhysicalDamageMod=45; PercentAttackSpeedMod=0.4
443079,Quimotanque Turbo,https://ddragon.leagueoflegends.com/cdn/16.9.1/img/item/443079.png,,FlatHPPoolMod=600
443080,Máscara Gemela,https://ddragon.leagueoflegends.com/cdn/16.9.1/img/item/443080.png,,
443081,Compañero de Hexproyectil,https://ddragon.leagueoflegends.com/cdn/16.9.1/img/item/443081.png,,FlatHPPoolMod=500; PercentAttackSpeedMod=0.75; PercentMovementSpeedMod=0.04
443083,Armadura de Warmog,https://ddragon.leagueoflegends.com/cdn/16.9.1/img/item/443083.png,,FlatHPPoolMod=1100; PercentMovementSpeedMod=0.04
443090,Cuota del Segador,https://ddragon.leagueoflegends.com/cdn/16.9.1/img/item/443090.png,,PercentAttackSpeedMod=0.5; PercentMovementSpeedMod=0.05
443193,Armadura Pétrea,https://ddragon.leagueoflegends.com/cdn/16.9.1/img/item/443193.png,,FlatSpellBlockMod=65; FlatArmorMod=65; PercentMovementSpeedMod=0.1
444636,Cosechador Nocturno,https://ddragon.leagueoflegends.com/cdn/16.9.1/img/item/444636.png,,FlatHPPoolMod=300; FlatMagicDamageMod=90
444637,Abrazo Demoniaco,https://ddragon.leagueoflegends.com/cdn/16.9.1/img/item/444637.png,,FlatHPPoolMod=700; FlatMagicDamageMod=80
444644,Corona de la Reina Fragmentada,https://ddragon.leagueoflegends.com/cdn/16.9.1/img/item/444644.png,,FlatMPPoolMod=600; FlatHPPoolMod=350; FlatMagicDamageMod=85
446632,Cercenador Divino,https://ddragon.leagueoflegends.com/cdn/16.9.1/img/item/446632.png,,FlatHPPoolMod=350; FlatPhysicalDamageMod=55
446656,Hielo Eterno,https://ddragon.leagueoflegends.com/cdn/16.9.1/img/item/446656.png,,FlatMPPoolMod=600; FlatHPPoolMod=250; FlatMagicDamageMod=100
446667,Virtud Radiante,https://ddragon.leagueoflegends.com/cdn/16.9.1/img/item/446667.png,,FlatSpellBlockMod=35; FlatHPPoolMod=400; FlatArmorMod=35
446671,Fuerza del Viento,https://ddragon.leagueoflegends.com/cdn/16.9.1/img/item/446671.png,,FlatCritChanceMod=0.25; FlatPhysicalDamageMod=65; PercentAttackSpeedMod=0.3; PercentMovementSpeedMod=0.06
446691,Hoja Crepuscular de Draktharr,https://ddragon.leagueoflegends.com/cdn/16.9.1/img/item/446691.png,,FlatPhysicalDamageMod=50
446693,Garra del Merodeador,https://ddragon.leagueoflegends.com/cdn/16.9.1/img/item/446693.png,,FlatPhysicalDamageMod=60
447100,Espada Espejismo,https://ddragon.leagueoflegends.com/cdn/16.9.1/img/item/447100.png,,PercentAttackSpeedMod=0.6; PercentMovementSpeedMod=0.06
447101,Espada del Apostador,https://ddragon.leagueoflegends.com/cdn/16.9.1/img/item/447101.png,,PercentAttackSpeedMod=0.7; PercentMovementSpeedMod=0.08
447102,Fractura de la Realidad,https://ddragon.leagueoflegends.com/cdn/16.9.1/img/item/447102.png,,FlatHPPoolMod=300; FlatMagicDamageMod=80; PercentAttackSpeedMod=0.4
447103,Casco del Hemomante,https://ddragon.leagueoflegends.com/cdn/16.9.1/img/item/447103.png,,FlatPhysicalDamageMod=70
447104,Relicario Enervante,https://ddragon.leagueoflegends.com/cdn/16.9.1/img/item/447104.png,,FlatHPPoolMod=200; FlatMagicDamageMod=70
447105,Promesa Empírea,https://ddragon.leagueoflegends.com/cdn/16.9.1/img/item/447105.png,,FlatMagicDamageMod=70
447106,Corazón Dracónico,https://ddragon.leagueoflegends.com/cdn/16.9.1/img/item/447106.png,,
447107,Decapitador,https://ddragon.leagueoflegends.com/cdn/16.9.1/img/item/447107.png,,PercentAttackSpeedMod=0.5; PercentMovementSpeedMod=0.08
447108,Escultor de Runas,https://ddragon.leagueoflegends.com/cdn/16.9.1/img/item/447108.png,,FlatMagicDamageMod=80; PercentMovementSpeedMod=0.04
447109,Crueldad,https://ddragon.leagueoflegends.com/cdn/16.9.1/img/item/447109.png,,FlatSpellBlockMod=30; FlatMagicDamageMod=80; FlatArmorMod=30
447110,Espada Encantada por la Luna,https://ddragon.leagueoflegends.com/cdn/16.9.1/img/item/447110.png,,FlatHPPoolMod=400; FlatMagicDamageMod=85
447111,Cota Sangrienta del Soberano,https://ddragon.leagueoflegends.com/cdn/16.9.1/img/item/447111.png,,FlatHPPoolMod=400; FlatPhysicalDamageMod=40
447112,Caníbal,https://ddragon.leagueoflegends.com/cdn/16.9.1/img/item/447112.png,,FlatHPPoolMod=500
447113,Orbe de detonación,https://ddragon.leagueoflegends.com/cdn/16.9.1/img/item/447113.png,,FlatMPPoolMod=600; FlatMagicDamageMod=90
447114,Reverberación,https://ddragon.leagueoflegends.com/cdn/16.9.1/img/item/447114.png,,FlatSpellBlockMod=35; FlatArmorMod=35; PercentAttackSpeedMod=0.4
447115,Regicidio,https://ddragon.leagueoflegends.com/cdn/16.9.1/img/item/447115.png,,FlatPhysicalDamageMod=60; PercentMovementSpeedMod=0.08
447116,Jitte Kinkou,https://ddragon.leagueoflegends.com/cdn/16.9.1/img/item/447116.png,,FlatHPPoolMod=400
447118,Capa del Piromante,https://ddragon.leagueoflegends.com/cdn/16.9.1/img/item/447118.png,,FlatHPPoolMod=400
447119,Vara del Rayo,https://ddragon.leagueoflegends.com/cdn/16.9.1/img/item/447119.png,,FlatSpellBlockMod=30; FlatHPPoolMod=500; FlatArmorMod=30
447120,Lanza con Punta de Diamante,https://ddragon.leagueoflegends.com/cdn/16.9.1/img/item/447120.png,,PercentAttackSpeedMod=0.3
447121,Filo del Crepúsculo,https://ddragon.leagueoflegends.com/cdn/16.9.1/img/item/447121.png,,FlatMagicDamageMod=100; FlatPhysicalDamageMod=70
447122,Guantelete del Agujero Negro,https://ddragon.leagueoflegends.com/cdn/16.9.1/img/item/447122.png,,FlatHPPoolMod=900
447123,Titiritero,https://ddragon.leagueoflegends.com/cdn/16.9.1/img/item/447123.png,,PercentAttackSpeedMod=0.3
550001,Color de la barra de vida: Azul,https://ddragon.leagueoflegends.com/cdn/16.9.1/img/item/550001.png,,
550002,Color de la barra de vida: Naranja,https://ddragon.leagueoflegends.com/cdn/16.9.1/img/item/550002.png,,
550003,Color de la barra de vida: Verde,https://ddragon.leagueoflegends.com/cdn/16.9.1/img/item/550003.png,,
550004,Color de la barra de vida: Rosa,https://ddragon.leagueoflegends.com/cdn/16.9.1/img/item/550004.png,,
550005,Efecto de la barra de vida: Restablecer color,https://ddragon.leagueoflegends.com/cdn/16.9.1/img/item/550005.png,,
550006,Color de la barra de vida: Arcoíris,https://ddragon.leagueoflegends.com/cdn/16.9.1/img/item/550006.png,,
550007,Recuerdito de fiesta,https://ddragon.leagueoflegends.com/cdn/16.9.1/img/item/550007.png,,
663039,Juicio de Atma,https://ddragon.leagueoflegends.com/cdn/16.9.1/img/item/663039.png,,FlatHPPoolMod=500; FlatCritChanceMod=0.2
663056,La Corona del Rey Demonio,https://ddragon.leagueoflegends.com/cdn/16.9.1/img/item/663056.png,,
663058,Escudo de Roca Fundida,https://ddragon.leagueoflegends.com/cdn/16.9.1/img/item/663058.png,,FlatHPPoolMod=250; FlatArmorMod=80
663059,Manto de la Noche Estrellada,https://ddragon.leagueoflegends.com/cdn/16.9.1/img/item/663059.png,,FlatSpellBlockMod=60; FlatHPPoolMod=250
663060,Espada de los Dioses,https://ddragon.leagueoflegends.com/cdn/16.9.1/img/item/663060.png,,FlatCritChanceMod=0.5
663064,Talismán de Ascensión de Veigar,https://ddragon.leagueoflegends.com/cdn/16.9.1/img/item/663064.png,,
663146,Sablepistola Hextech,https://ddragon.leagueoflegends.com/cdn/16.9.1/img/item/663146.png,,FlatMagicDamageMod=90; FlatPhysicalDamageMod=45
663172,Céfiro,https://ddragon.leagueoflegends.com/cdn/16.9.1/img/item/663172.png,,PercentAttackSpeedMod=0.4; PercentMovementSpeedMod=0.08
663193,Armadura Pétrea,https://ddragon.leagueoflegends.com/cdn/16.9.1/img/item/663193.png,,FlatSpellBlockMod=55; FlatArmorMod=55; PercentMovementSpeedMod=0.08
664011,Espada del Amanecer Floreciente,https://ddragon.leagueoflegends.com/cdn/16.9.1/img/item/664011.png,,FlatHPPoolMod=150; FlatMagicDamageMod=35
664403,La Espátula Dorada,https://ddragon.leagueoflegends.com/cdn/16.9.1/img/item/664403.png,,FlatSpellBlockMod=10; FlatMPPoolMod=250; FlatHPPoolMod=250; FlatMagicDamageMod=125; FlatArmorMod=10; FlatCritChanceMod=0.25; FlatPhysicalDamageMod=90; PercentAttackSpeedMod=0.3; PercentLifeStealMod=0.1
664644,Corona de la Reina Fragmentada,https://ddragon.leagueoflegends.com/cdn/16.9.1/img/item/664644.png,,FlatMPPoolMod=600; FlatHPPoolMod=250; FlatMagicDamageMod=65
667101,Espada del Apostador,https://ddragon.leagueoflegends.com/cdn/16.9.1/img/item/667101.png,,PercentMovementSpeedMod=0.15
667109,Crueldad,https://ddragon.leagueoflegends.com/cdn/16.9.1/img/item/667109.png,,FlatSpellBlockMod=25; FlatMagicDamageMod=60; FlatArmorMod=25
667112,Caníbal,https://ddragon.leagueoflegends.com/cdn/16.9.1/img/item/667112.png,,FlatHPPoolMod=500
667666,El Coleccionista,https://ddragon.leagueoflegends.com/cdn/16.9.1/img/item/667666.png,,FlatCritChanceMod=0.25; FlatPhysicalDamageMod=50
994403,Espátula Dorada,https://ddragon.leagueoflegends.com/cdn/16.9.1/img/item/994403.png,,FlatSpellBlockMod=20; FlatMPPoolMod=200; FlatHPPoolMod=200; FlatMagicDamageMod=110; FlatArmorMod=20; FlatCritChanceMod=0.15; FlatPhysicalDamageMod=90; PercentAttackSpeedMod=0.4; PercentLifeStealMod=0.1; PercentMovementSpeedMod=0.1
